y_true,y_pred
47,19
40,39
30,61
19,39
58,34
43,31
24,23
26,26
53,44
38,51
28,46
38,27
58,69
33,24
66,25
30,36
18,20
35,34
61,42
74,31
46,40
56,40
28,27
37,30
37,36
28,35
26,22
24,17
70,23
47,61
69,37
24,32
31,51
28,33
51,44
49,45
34,28
29,25
48,28
40,43
50,25
39,36
25,30
30,31
28,18
56,34
37,33
34,31
32,40
28,33
27,75
33,26
52,39
24,30
35,35
35,29
39,49
19,41
59,40
25,29
26,25
32,74
44,43
58,48
29,24
38,22
39,33
33,39
36,62
37,25
24,41
35,56
24,28
35,43
57,41
25,61
22,35
30,25
52,37
72,21
38,34
48,45
58,20
49,47
41,56
29,31
23,35
51,28
46,26
43,21
53,22
26,40
44,36
73,25
40,40
22,88
59,37
24,27
51,42
37,23
54,17
68,35
25,36
26,36
31,36
29,39
51,43
41,23
28,46
30,38
24,41
43,47
30,42
28,26
27,21
64,46
20,32
37,33
31,24
47,41
52,46
44,22
30,88
51,38
24,29
40,25
18,42
40,30
37,24
23,49
19,34
69,34
26,30
46,27
31,56
65,58
39,52
44,43
35,26
75,33
52,46
66,79
34,35
61,48
41,46
39,28
27,49
66,27
33,59
57,17
35,25
42,63
48,55
40,46
30,87
32,68
35,26
23,37
59,75
26,21
28,30
26,60
31,53
34,45
25,36
38,26
49,45
52,26
19,38
42,27
47,44
22,85
49,23
25,73
75,88
52,87
45,88
32,30
37,73
32,38
30,26
49,87
27,21
47,39
57,29
33,34
31,55
21,42
23,22
61,37
28,32
43,29
49,38
45,57
50,77
23,35
76,57
32,36
43,35
50,29
50,45
40,24
22,29
33,28
24,28
21,21
30,37
46,31
28,50
41,25
17,57
68,41
27,41
40,46
22,32
40,36
17,24
52,63
54,40
54,33
40,34
45,54
19,39
29,32
40,49
34,37
52,21
53,34
56,67
39,82
22,53
54,21
62,25
41,41
33,45
65,23
84,29
17,42
32,26
57,31
38,25
25,45
42,58
40,26
68,25
25,33
35,35
35,44
50,37
30,48
30,35
46,47
27,32
51,88
39,33
43,33
29,23
46,45
36,29
63,33
23,32
17,32
32,34
44,29
37,29
32,27
48,36
35,56
42,24
53,36
42,31
40,26
30,32
30,34
42,36
58,58
37,33
20,37
52,33
29,32
25,61
53,64
49,36
51,26
42,69
27,31
30,29
50,24
21,40
49,30
59,62
29,45
57,33
61,41
35,41
38,22
45,26
18,60
27,62
39,42
42,65
29,21
65,42
30,28
30,41
61,63
33,37
42,47
34,36
22,17
69,27
41,85
31,32
48,36
52,57
31,29
18,48
62,41
52,23
41,31
34,34
74,51
37,21
34,42
27,31
49,38
43,79
36,23
55,40
45,62
67,41
24,36
30,71
51,60
26,39
39,31
29,44
42,54
37,27
59,35
41,37
64,52
42,24
26,52
21,24
39,33
47,19
22,53
36,37
46,20
38,22
53,45
22,26
51,80
42,40
64,32
42,46
57,42
29,29
28,83
68,29
28,80
18,78
65,70
35,21
45,57
31,43
51,22
39,40
20,54
48,69
49,80
26,58
28,49
37,53
54,40
37,40
21,21
27,33
53,87
47,34
28,40
39,41
63,48
36,25
37,52
34,39
19,49
36,33
35,27
60,39
34,25
34,50
37,26
36,32
41,45
30,22
45,42
42,28
19,36
52,37
29,24
34,34
30,35
20,28
52,38
33,21
38,26
37,33
24,25
34,33
25,35
36,41
38,41
29,45
72,25
38,51
75,41
42,65
21,43
27,33
53,31
19,23
30,30
67,66
25,19
49,71
18,40
21,59
36,23
27,39
21,35
37,23
20,27
17,23
18,37
32,41
62,42
33,23
39,22
36,44
51,47
33,37
21,28
69,39
49,25
67,39
28,41
19,27
56,78
45,27
38,38
43,44
44,41
38,36
26,85
31,19
37,70
32,39
27,72
50,43
31,39
42,39
52,30
36,22
36,60
45,70
32,25
19,65
50,28
60,71
28,65
23,35
18,21
46,38
22,34
51,37
21,33
35,28
48,24
18,24
39,42
25,58
34,85
44,23
24,63
20,33
36,61
31,32
62,47
25,29
21,64
31,38
20,37
48,45
54,22
72,48
23,21
44,43
44,36
25,33
33,56
53,22
46,38
38,36
67,27
24,41
36,23
42,20
45,40
24,43
54,69
47,35
39,24
42,27
34,46
24,25
32,30
40,22
44,47
44,79
21,26
38,37
28,23
32,36
29,27
41,43
37,36
19,18
37,36
45,58
57,24
37,20
48,27
33,58
41,42
32,29
19,47
60,23
44,46
39,32
50,29
52,25
73,63
23,39
36,39
33,40
28,44
40,34
48,24
41,75
35,29
28,27
57,52
36,35
20,60
21,57
24,57
32,36
21,38
54,28
26,20
39,45
38,27
26,31
46,41
36,46
42,26
19,23
27,41
57,38
19,29
42,34
26,29
23,42
57,30
21,42
26,39
21,47
31,30
57,45
27,35
37,36
35,22
50,33
28,30
34,58
26,53
51,37
31,36
43,28
34,38
30,39
34,23
45,39
22,34
27,34
54,42
20,20
31,37
32,23
24,31
17,18
29,19
36,26
17,37
21,23
19,40
22,46
51,54
37,36
21,28
22,82
56,32
33,33
41,32
34,26
51,36
35,26
34,39
22,30
47,43
25,46
33,21
47,26
36,44
52,52
55,90
38,25
33,33
39,63
32,84
53,46
60,36
47,40
40,24
32,22
32,47
19,64
28,32
28,67
20,73
33,53
43,34
32,33
26,35
32,18
47,21
73,46
39,28
37,51
47,65
35,36
58,32
47,38
53,74
60,30
43,33
43,45
18,23
20,55
39,34
21,34
33,21
56,35
24,49
40,47
41,48
70,28
26,28
60,42
28,81
23,28
75,52
22,67
52,23
30,44
56,59
30,46
43,47
50,34
34,85
29,23
39,36
21,25
45,20
48,43
57,30
34,57
42,51
74,54
38,42
20,34
40,24
27,30
51,28
28,24
49,39
29,44
33,24
51,28
38,47
46,18
56,28
52,31
56,40
54,75
46,18
27,24
46,31
30,29
60,33
36,34
33,38
46,68
39,24
49,76
32,29
31,50
72,36
49,23
38,52
29,36
40,43
33,35
43,40
29,36
52,23
49,47
31,21
52,43
45,56
46,28
64,41
52,47
31,21
25,32
34,26
43,59
29,27
25,39
25,67
26,56
35,30
17,20
52,42
55,29
42,45
40,36
30,40
20,46
72,28
30,26
58,30
36,38
73,51
46,48
31,36
61,63
35,24
36,18
39,36
45,34
52,40
34,27
54,38
50,51
47,32
39,19
43,28
25,58
20,49
25,41
29,26
27,22
53,40
30,37
51,22
38,24
24,39
29,67
49,50
22,45
35,26
35,37
22,26
36,31
25,45
42,34
50,40
54,33
24,35
22,48
38,20
34,81
21,42
38,48
40,65
54,35
48,33
33,38
21,29
23,25
27,34
40,28
54,51
18,90
46,27
46,48
53,29
46,64
36,37
56,64
34,30
62,38
33,43
46,34
44,79
22,25
28,56
40,30
40,63
23,34
41,34
36,30
47,28
28,32
44,44
59,35
32,33
37,34
43,40
49,33
54,36
27,42
64,25
33,56
25,37
26,43
29,71
36,23
57,72
51,46
49,68
38,22
31,50
33,23
32,23
63,33
50,28
64,31
52,34
43,41
55,41
32,31
31,82
39,36
49,36
41,47
37,59
33,32
32,53
18,39
53,30
21,31
42,22
61,34
34,34
20,36
21,69
22,31
61,62
31,28
47,74
32,39
42,25
26,25
44,45
32,29
58,46
45,48
43,24
39,32
20,35
55,33
34,54
43,27
40,77
42,39
47,45
45,79
25,37
60,18
40,75
29,22
44,51
21,64
21,36
22,29
25,38
31,24
28,43
26,24
21,66
31,32
25,31
44,45
48,47
52,32
40,25
38,34
36,32
20,47
34,39
43,34
18,50
37,26
30,46
59,52
21,38
51,43
23,34
49,37
42,35
34,41
58,25
45,34
29,35
58,35
49,25
29,22
46,56
57,73
65,78
47,30
37,25
48,39
30,24
36,28
32,41
40,51
34,24
59,38
51,83
33,18
25,31
30,30
56,29
66,19
28,32
53,35
81,41
25,38
22,23
55,28
27,23
43,37
54,27
43,34
53,46
18,25
48,56
45,80
29,48
27,28
59,27
33,42
26,39
27,26
55,29
26,20
48,47
38,33
39,38
33,25
44,70
27,77
38,35
24,47
41,53
23,51
30,26
27,68
22,31
24,41
28,52
36,47
47,55
50,35
46,32
36,22
27,58
74,51
32,39
44,25
41,51
22,37
28,41
40,47
66,23
38,28
28,37
56,34
17,24
19,43
32,45
40,41
37,36
48,23
28,34
60,29
31,34
61,26
31,33
26,32
36,47
61,67
57,36
36,25
24,39
62,23
62,30
28,24
38,27
57,28
20,37
36,35
45,27
21,26
40,45
32,44
25,55
23,36
23,28
40,31
37,37
42,25
42,41
63,23
56,35
41,39
59,31
47,26
22,41
42,37
54,31
18,33
19,26
72,53
56,70
34,47
31,38
62,45
68,29
29,30
38,85
49,18
37,23
39,38
34,37
65,77
49,31
54,35
47,54
28,37
21,24
35,30
30,32
21,40
20,31
25,38
27,40
35,37
37,33
33,37
39,31
58,19
42,57
30,53
17,35
33,41
39,26
29,26
29,43
66,59
44,52
26,31
56,53
53,27
37,39
45,23
31,40
32,26
17,37
50,19
38,53
26,30
26,74
32,30
27,32
27,46
18,33
51,43
27,34
29,61
30,23
42,39
25,46
43,34
35,47
37,50
30,40
20,25
28,18
41,27
34,32
48,48
36,41
40,60
42,27
42,32
35,43
39,38
39,20
62,58
59,33
17,22
29,69
74,33
31,58
56,26
46,28
46,38
46,33
41,32
40,49
22,35
29,45
67,61
34,29
43,48
35,61
38,29
48,28
46,25
51,43
31,79
36,30
29,26
26,64
40,35
33,21
22,78
33,47
48,28
46,45
41,24
31,21
26,22
57,29
26,34
41,90
30,40
57,46
32,26
20,34
29,39
20,29
28,51
29,27
26,36
44,79
41,41
41,37
37,22
57,44
46,27
54,40
45,36
43,31
36,28
56,51
27,25
18,32
18,65
52,35
47,59
67,38
37,26
53,25
24,33
63,44
28,25
45,40
65,39
40,22
39,47
31,36
28,33
46,61
40,35
31,43
70,32
26,27
28,20
34,54
30,42
33,21
57,30
26,66
37,90
45,41
45,20
34,22
39,28
28,23
40,27
45,29
22,40
49,28
50,32
30,38
25,34
24,28
27,25
43,36
38,29
31,24
37,41
42,41
32,46
38,33
26,44
19,39
28,26
28,34
47,56
24,40
51,33
38,32
18,32
18,36
20,30
75,69
36,42
24,24
42,40
44,54
34,60
44,41
40,42
31,75
71,39
42,31
31,56
23,31
42,72
29,34
33,31
32,38
39,47
29,49
22,22
47,21
40,43
28,31
58,28
29,30
27,28
28,46
45,46
34,50
36,69
41,37
26,38
47,29
36,39
58,30
25,33
19,64
43,34
65,40
31,52
26,30
32,52
46,35
34,31
27,37
57,81
32,46
23,31
30,21
27,36
29,20
36,33
41,43
38,35
50,90
66,38
54,25
22,31
21,36
64,26
21,45
17,79
42,22
23,57
43,47
24,35
49,36
48,42
62,24
30,23
27,65
37,40
33,37
31,47
63,29
50,43
34,76
41,63
40,40
60,27
51,25
39,23
44,20
41,79
26,18
66,30
39,34
20,34
19,27
29,82
40,36
33,45
51,30
55,28
68,68
21,26
37,61
37,37
23,32
22,27
47,78
39,22
42,25
59,19
39,40
50,32
30,31
30,30
41,46
20,24
40,27
56,35
39,42
17,32
42,22
54,23
34,19
42,47
46,43
50,23
67,23
71,32
30,20
28,35
38,45
31,33
45,39
37,25
64,37
48,41
43,26
48,37
44,41
21,69
19,58
37,48
47,25
38,46
34,41
45,90
61,29
39,43
46,47
34,48
25,26
21,24
31,21
27,30
45,53
45,38
36,23
42,23
62,34
32,53
53,36
36,39
35,33
32,34
23,34
29,32
38,24
69,23
30,31
24,25
27,33
42,58
26,33
30,27
33,36
53,52
53,40
53,29
54,27
57,26
22,24
26,41
62,20
37,69
35,24
24,43
23,30
35,21
29,41
42,32
42,31
33,46
66,82
33,26
33,58
63,75
27,30
56,37
49,59
34,39
28,38
68,52
41,30
33,25
43,22
46,33
19,31
30,34
29,29
18,30
23,32
59,22
25,21
59,73
77,32
48,73
19,85
33,28
42,34
43,78
28,44
64,27
37,45
27,26
43,54
32,49
25,39
35,36
41,41
30,37
19,72
51,33
41,38
53,22
50,88
23,19
38,30
48,69
67,41
34,22
63,36
23,48
49,23
65,50
24,31
22,23
20,31
26,70
31,23
52,38
28,31
42,23
50,26
74,36
50,29
49,33
22,30
50,60
28,33
35,51
22,33
28,48
50,47
42,46
19,28
18,39
17,62
52,68
51,57
37,23
39,65
36,18
29,32
66,42
60,31
43,48
18,45
45,43
26,67
47,17
43,27
52,44
60,41
18,22
38,30
30,25
54,44
50,71
31,35
60,35
20,36
39,28
33,76
47,33
27,42
46,80
28,33
21,41
35,40
60,50
26,35
81,39
31,29
31,24
51,41
37,33
36,40
47,41
57,60
23,39
36,45
52,36
27,29
24,21
43,37
32,31
37,18
23,46
47,30
41,33
35,40
89,51
61,34
47,26
33,27
29,35
17,65
53,22
44,90
61,87
43,41
44,31
47,37
23,28
66,28
41,58
37,78
23,24
46,24
39,40
46,46
62,44
27,53
32,25
46,73
54,52
37,21
21,37
19,42
41,46
47,59
55,18
32,30
41,32
69,33
32,38
27,25
35,39
33,77
43,51
34,19
31,26
57,35
18,21
46,23
52,53
35,51
42,23
44,61
17,90
29,53
45,18
21,22
25,31
20,40
32,18
38,49
52,25
52,46
32,41
40,19
24,30
18,44
75,30
23,46
67,22
43,38
45,41
17,33
32,32
44,61
28,41
46,24
37,42
67,35
41,37
20,23
48,33
25,47
17,26
37,43
25,72
41,46
23,23
42,28
38,51
51,33
28,41
51,23
33,46
25,51
52,23
35,24
56,29
38,40
32,29
38,23
45,56
53,41
25,32
64,43
35,22
27,50
27,20
42,19
62,83
55,38
18,19
53,19
36,68
28,18
48,30
27,87
32,23
31,19
22,30
47,45
51,41
28,31
29,23
36,40
41,61
37,21
34,39
19,61
60,41
19,18
56,25
56,33
35,43
36,39
20,19
46,23
27,27
27,28
32,60
23,39
18,17
53,78
38,34
19,25
24,22
58,28
31,25
33,33
23,20
22,69
39,59
27,38
53,79
27,26
47,24
49,33
50,37
52,22
56,37
46,19
31,48
44,40
19,31
30,41
64,35
44,48
45,33
23,41
27,76
27,23
23,22
52,23
45,29
19,62
29,27
58,44
70,31
17,73
39,33
35,40
27,38
62,52
26,38
38,31
37,44
53,24
36,35
63,53
47,34
43,38
21,40
40,29
22,34
40,35
38,33
21,33
20,30
31,40
65,54
43,34
54,69
26,53
23,21
46,44
23,24
24,53
44,64
25,22
38,72
64,46
28,40
30,29
52,38
44,87
38,30
29,28
47,43
31,22
23,35
23,34
21,44
44,46
39,50
77,88
49,39
50,26
63,39
31,37
30,34
25,27
36,38
62,43
24,28
33,36
44,36
28,40
51,68
31,36
40,39
17,85
40,38
35,38
38,29
53,49
18,60
51,38
21,25
53,41
42,44
47,40
44,33
28,24
28,25
26,21
33,35
51,44
41,28
30,42
25,37
55,39
30,53
52,37
28,58
22,33
44,46
28,41
22,34
47,71
43,20
24,32
57,18
39,39
38,32
48,36
48,47
53,23
44,24
49,27
20,42
25,54
55,25
33,34
30,69
22,19
30,48
29,18
21,48
28,25
44,35
45,37
45,61
35,56
25,43
49,37
27,63
31,17
45,51
60,21
63,20
23,34
29,56
27,46
40,70
24,50
44,35
20,30
44,34
42,51
43,66
32,21
34,44
41,38
49,33
43,24
43,29
32,19
35,40
48,33
64,24
44,50
30,42
19,42
76,24
35,36
47,31
34,30
55,35
39,30
64,26
47,54
25,23
21,82
49,42
22,42
36,48
28,26
34,38
18,23
31,38
54,47
45,32
36,29
39,34
24,31
53,64
30,34
49,28
19,32
34,57
46,48
33,30
36,20
33,85
45,54
34,37
37,72
23,21
37,46
17,45
27,43
34,60
37,44
45,52
24,66
42,36
33,19
59,49
36,37
45,34
32,19
35,23
37,34
33,42
20,33
39,33
36,40
32,25
44,85
35,52
38,24
50,74
53,67
32,33
22,36
21,34
32,23
31,38
48,84
33,39
19,59
20,44
38,46
25,29
38,29
51,41
37,36
29,53
21,27
42,22
26,29
35,46
40,73
41,43
37,39
41,29
27,24
51,49
50,68
22,26
33,30
56,32
25,29
41,26
29,35
50,27
49,18
81,31
42,38
21,24
23,66
32,49
37,36
40,71
24,26
23,34
39,43
24,23
53,47
49,47
22,37
24,40
35,29
39,58
31,36
27,46
35,30
26,45
37,22
49,38
58,39
35,41
73,54
22,34
36,42
30,39
33,51
26,88
36,19
45,77
55,42
27,23
37,59
57,30
22,41
39,87
41,41
26,23
39,27
45,39
59,39
40,29
24,34
32,33
55,30
40,43
37,27
65,37
30,51
23,18
41,27
39,26
38,39
36,19
19,23
64,30
48,50
58,38
44,45
30,21
21,23
53,30
25,81
48,36
59,29
35,62
20,40
45,28
31,35
27,41
50,24
40,36
54,42
17,37
22,25
35,21
33,45
17,30
24,40
17,85
56,23
21,28
55,33
43,70
19,47
37,28
62,25
23,36
20,35
25,22
41,26
40,40
43,33
43,33
49,43
25,18
44,25
26,45
32,31
39,22
32,68
45,67
45,30
39,36
59,44
20,23
66,24
23,47
18,38
25,43
46,34
25,19
45,43
39,46
20,37
20,41
67,21
45,27
49,42
22,38
28,23
58,58
31,21
36,36
57,84
25,42
46,37
40,43
32,28
59,34
76,37
41,37
44,43
30,37
30,52
35,77
38,31
45,32
32,25
44,51
20,58
41,52
33,29
34,55
17,29
31,51
42,29
58,61
56,29
27,55
32,19
58,55
39,24
32,41
33,24
66,33
42,49
19,21
31,38
29,85
65,31
22,45
43,26
39,39
37,62
23,43
24,24
50,19
46,69
53,35
40,27
23,33
46,25
41,45
20,39
25,43
55,38
29,32
32,80
42,25
36,40
37,54
47,50
21,51
47,39
49,28
24,58
31,51
24,36
60,22
39,47
55,19
50,21
22,39
51,37
48,39
37,23
53,83
59,37
26,24
43,52
64,40
25,34
73,31
20,18
30,47
45,37
37,54
44,57
39,46
41,48
23,85
20,61
37,21
27,76
36,39
29,35
63,62
21,36
32,31
51,45
50,61
20,35
33,39
26,44
31,85
30,23
36,59
34,27
50,52
39,27
60,53
24,19
36,46
46,40
39,30
41,74
21,28
49,34
59,26
22,42
22,35
25,29
38,44
32,26
34,45
21,35
27,31
33,46
36,40
35,54
19,38
40,25
40,18
61,31
42,40
38,90
29,38
25,30
50,33
58,33
34,47
33,24
58,23
69,51
52,28
38,27
19,29
24,44
29,35
45,29
53,28
38,36
29,51
69,26
38,26
35,22
31,42
27,35
19,30
49,34
32,29
32,29
41,65
24,25
64,55
29,36
46,39
38,37
54,80
29,45
90,31
49,33
45,39
28,30
28,52
34,31
24,31
64,21
76,38
32,46
60,21
41,26
45,25
65,48
53,45
61,19
49,82
36,51
56,37
90,45
51,27
46,72
43,69
24,43
26,52
31,31
55,46
33,49
50,77
74,34
33,68
23,33
55,37
30,34
21,31
25,45
29,24
37,25
47,56
31,37
39,42
41,39
53,35
39,66
19,47
58,26
33,49
39,29
50,43
42,24
64,50
46,32
24,31
53,37
35,23
25,30
38,44
29,36
55,47
53,41
31,38
31,68
23,36
28,44
39,47
19,39
53,38
32,36
52,25
28,32
21,34
33,20
37,28
22,49
36,41
26,21
33,53
56,27
39,63
36,49
18,31
33,37
52,38
26,27
42,37
52,20
53,42
34,73
59,66
30,23
64,46
47,46
67,29
42,21
75,38
42,38
34,36
56,43
31,28
34,41
38,22
27,28
42,28
19,43
50,38
64,29
30,45
49,38
19,32
40,70
50,25
29,41
42,36
32,19
48,23
18,32
25,19
31,49
35,40
22,54
27,47
23,75
26,25
27,48
34,30
37,59
26,43
18,66
53,40
51,34
25,37
17,88
54,55
38,23
46,32
34,36
24,24
24,79
33,49
17,88
20,31
61,20
50,50
36,29
27,17
18,29
54,58
26,38
51,26
50,28
75,32
46,77
30,67
60,38
39,33
37,30
48,26
62,29
23,28
67,30
46,46
33,81
34,59
23,23
18,24
18,30
40,25
22,32
19,35
28,31
37,38
54,36
39,18
36,25
22,32
30,36
21,19
41,35
28,30
34,43
27,39
57,77
27,56
52,65
81,34
25,25
23,22
18,37
27,43
68,26
51,58
47,53
35,40
36,68
21,34
35,35
36,21
27,23
50,64
47,26
33,37
22,25
37,28
33,28
54,76
34,26
21,31
47,48
38,38
25,42
51,34
45,38
32,32
35,88
43,33
23,20
26,43
68,44
41,28
29,34
47,21
32,39
70,19
46,33
22,30
47,34
50,38
42,46
54,23
23,41
39,49
36,36
23,42
22,33
25,43
50,28
17,57
48,90
64,23
60,46
51,25
27,18
41,45
24,30
34,50
29,25
46,49
55,82
29,36
57,55
34,26
46,38
42,23
30,67
53,43
45,26
28,36
37,33
34,29
42,83
45,31
26,32
34,34
42,33
36,43
35,26
35,48
18,46
50,23
30,36
55,48
54,25
39,51
46,45
18,66
65,55
33,51
41,35
31,25
36,23
42,39
43,41
22,18
44,17
19,39
48,25
27,25
35,35
48,23
28,74
28,26
43,32
59,20
54,34
31,20
30,41
66,43
21,29
44,47
19,28
41,51
56,41
36,43
48,23
21,22
36,28
35,36
29,36
29,59
44,34
42,30
38,31
43,59
33,38
58,53
31,47
24,28
42,32
24,46
47,57
66,36
23,32
63,50
34,35
30,43
24,34
17,50
44,38
50,29
40,55
21,73
47,47
37,50
49,46
40,72
28,36
35,30
50,22
26,41
23,32
53,47
42,32
62,40
44,34
35,29
19,69
31,44
39,23
18,55
40,37
31,35
49,47
32,46
59,41
25,41
36,31
30,34
36,26
35,51
29,36
57,38
39,40
37,46
18,36
71,85
33,28
61,49
32,32
43,29
38,28
61,37
37,31
32,34
74,50
43,21
51,46
33,68
42,25
46,24
33,45
43,22
48,41
22,32
39,45
42,31
28,36
30,28
24,27
22,21
44,45
30,83
26,33
30,46
47,67
23,45
42,64
41,23
19,41
30,41
36,26
24,34
42,39
44,39
40,44
34,36
56,18
44,33
27,38
20,40
23,40
40,33
26,33
64,23
38,19
26,34
33,36
41,37
19,35
32,27
51,35
34,32
33,49
47,53
20,25
24,39
36,42
41,50
24,25
33,35
20,53
62,34
46,36
50,32
63,30
52,48
20,35
44,32
26,33
40,35
57,23
26,39
30,70
26,23
44,26
51,37
47,31
26,47
33,37
52,23
24,21
20,48
30,31
46,35
21,29
42,20
39,25
37,17
52,32
32,29
53,25
23,26
56,44
51,20
47,21
52,31
25,34
30,31
38,25
17,25
40,80
46,26
40,37
49,25
48,31
30,46
50,48
63,90
36,27
35,87
50,27
46,33
63,20
25,42
32,34
21,30
51,44
25,47
67,19
24,41
46,31
25,35
18,24
71,41
49,29
54,23
51,31
24,29
34,31
36,60
19,26
41,37
45,27
36,22
33,40
40,31
39,45
42,23
27,54
41,36
25,51
41,69
23,62
23,25
36,26
29,41
38,22
48,21
18,35
30,35
30,35
24,45
36,32
42,22
48,51
24,68
20,17
30,31
46,35
19,39
47,45
29,29
69,63
57,42
18,38
44,80
30,66
25,36
43,49
58,19
44,23
69,46
28,24
38,73
51,31
38,74
58,37
37,27
62,23
53,28
49,69
50,28
41,46
22,43
70,45
33,43
40,24
67,21
53,43
55,33
26,38
33,33
53,54
18,30
31,47
41,27
43,22
67,26
51,39
53,43
22,54
22,40
31,29
55,41
63,45
20,51
34,44
60,32
47,27
40,36
33,36
27,34
37,34
69,41
64,51
37,37
21,37
29,46
36,25
46,36
28,31
34,33
40,55
52,30
30,33
62,31
39,31
28,28
24,50
53,30
34,20
34,27
26,33
37,76
47,58
60,76
50,85
38,31
27,18
26,38
42,69
39,44
25,38
23,23
28,41
27,24
36,67
42,45
34,28
35,36
26,33
53,33
18,31
61,50
44,28
44,35
61,71
71,48
55,31
33,34
30,35
42,19
26,41
43,39
50,45
46,22
25,21
28,60
22,50
39,35
23,46
45,45
31,45
37,30
58,37
35,33
45,56
33,37
29,74
56,41
32,27
57,28
18,38
24,57
32,69
26,31
45,18
42,33
27,53
35,36
24,32
28,30
20,37
22,19
23,43
44,22
52,19
45,50
24,34
45,49
31,34
37,32
21,26
33,35
21,24
37,20
84,41
52,59
44,61
38,37
50,28
38,44
21,30
41,35
38,28
62,40
47,38
58,21
30,24
33,24
23,55
56,25
55,77
37,40
66,42
18,30
20,62
43,36
54,35
27,70
50,28
23,29
26,66
23,53
28,60
57,29
35,22
19,25
27,36
62,29
80,39
34,74
52,35
41,35
60,23
54,36
26,29
74,63
50,28
18,39
25,37
23,37
36,17
29,56
46,21
43,23
32,81
31,25
37,31
25,35
47,38
38,20
43,38
43,33
20,26
36,31
38,23
25,44
51,45
49,65
27,28
47,66
30,38
62,31
65,35
27,37
67,34
58,36
23,21
50,57
31,38
24,40
67,47
27,33
26,39
28,60
22,54
24,43
17,37
43,45
30,41
37,39
17,25
21,42
59,33
36,27
47,20
33,36
26,33
38,46
34,36
33,36
61,53
29,52
35,24
45,32
35,44
40,26
26,34
39,64
23,33
40,38
27,24
25,66
26,28
47,21
18,33
38,73
65,18
25,54
27,34
54,38
28,36
46,37
26,28
56,87
36,68
19,88
33,46
55,45
44,35
44,21
50,42
51,19
27,32
46,30
37,38
40,62
39,26
20,28
31,43
23,44
50,26
41,39
32,67
36,33
34,43
32,74
47,25
36,24
38,37
59,43
39,21
33,39
23,27
36,78
29,43
40,42
23,19
22,23
36,26
53,42
39,50
35,34
21,24
34,27
54,56
30,35
37,31
35,31
41,31
30,43
49,35
57,57
32,22
23,43
25,69
51,30
37,33
24,36
37,53
21,24
28,57
46,61
60,36
61,37
45,44
39,26
21,25
60,38
33,39
51,34
34,54
59,25
18,37
43,21
50,39
25,24
43,41
38,43
32,32
30,36
19,40
53,62
25,49
32,64
34,43
23,62
20,39
32,31
32,25
30,50
60,29
57,19
31,34
88,44
19,35
26,23
37,25
62,32
38,33
66,33
22,24
33,33
27,39
33,37
24,52
23,40
35,22
40,48
29,22
37,34
39,53
30,41
25,23
41,36
54,25
48,90
51,39
30,39
42,46
32,38
34,45
26,31
49,18
34,41
20,18
28,21
42,77
30,54
34,43
27,35
34,33
27,27
29,73
23,45
36,19
55,32
31,49
43,39
19,31
20,45
30,31
44,33
47,39
77,19
32,41
46,33
37,34
63,23
25,53
41,45
51,41
36,36
50,71
27,38
35,51
29,21
45,52
18,58
20,23
29,43
40,38
41,35
24,33
70,29
48,29
37,45
52,31
32,58
50,36
24,37
47,36
19,21
21,37
59,23
27,45
51,70
48,88
54,31
34,25
60,46
37,29
44,47
27,47
57,33
28,65
28,37
42,33
37,35
20,51
58,28
22,21
38,31
32,34
30,20
30,53
45,26
27,23
42,38
29,23
44,73
63,45
26,56
60,29
20,18
25,34
40,46
19,26
39,26
47,57
51,35
45,41
20,30
33,43
36,42
23,33
40,48
35,33
65,49
28,17
39,49
40,25
65,71
64,53
40,57
17,26
30,44
31,19
28,50
35,24
31,33
24,70
32,31
33,59
57,84
30,42
28,37
35,25
32,43
40,84
20,19
32,35
60,26
36,50
26,42
34,34
58,37
27,43
42,81
49,25
44,84
56,38
31,38
26,26
59,28
31,34
52,85
49,34
59,20
46,30
45,29
46,23
24,25
33,19
38,26
30,31
53,45
17,21
26,26
38,34
32,31
37,34
36,33
32,20
37,31
76,33
63,46
59,30
40,48
21,24
20,67
47,47
18,62
23,24
39,59
25,41
45,72
39,31
28,35
49,42
22,34
34,32
29,76
42,49
47,21
40,27
61,41
33,32
61,46
48,25
72,60
19,33
33,80
45,59
48,78
62,72
51,29
60,36
36,35
56,22
37,75
27,25
60,27
35,45
31,52
19,28
60,35
30,31
41,19
56,25
41,40
51,28
17,60
56,45
45,22
37,85
24,17
24,17
31,40
27,38
64,40
48,25
46,35
48,37
58,61
53,41
54,38
33,84
52,41
47,36
44,37
23,50
24,20
45,23
39,27
36,21
36,29
59,39
63,28
20,30
36,22
20,87
56,60
59,36
21,21
36,36
41,43
23,49
17,42
27,48
24,23
27,56
23,36
43,61
17,59
43,47
53,31
32,46
24,34
20,25
55,81
33,41
47,45
58,47
38,29
21,37
37,25
46,30
54,35
36,51
58,27
37,60
42,44
44,38
59,28
35,44
31,34
31,29
18,18
34,34
45,26
68,29
43,34
23,45
26,37
44,35
36,33
18,30
39,24
25,49
43,49
23,34
32,39
43,50
18,24
30,42
25,25
40,23
20,46
25,33
26,45
41,47
41,23
36,22
45,22
41,32
40,41
54,33
18,21
40,34
31,33
69,25
40,67
28,51
36,19
20,58
42,22
45,50
36,40
30,25
17,26
43,33
58,34
63,20
19,30
18,44
45,23
26,38
32,40
30,45
20,36
32,85
35,24
71,35
31,35
40,38
27,25
53,80
25,39
21,53
29,24
21,62
21,41
28,41
35,35
49,60
17,47
37,28
24,50
25,44
49,29
43,37
44,42
69,44
46,43
40,46
47,50
19,81
47,44
36,20
24,23
62,80
27,35
47,49
53,61
39,26
45,43
40,30
19,55
52,70
62,41
53,41
38,53
33,43
24,28
64,36
59,50
52,38
23,36
35,17
54,19
17,27
55,28
29,33
55,75
53,73
39,30
49,26
42,31
24,25
41,58
25,36
25,28
52,34
21,47
18,22
51,41
27,42
20,71
55,45
21,37
55,75
28,36
32,24
34,20
21,27
59,40
46,40
23,42
56,60
18,58
20,63
43,35
39,19
20,33
39,90
31,37
23,38
53,61
61,43
23,29
17,20
45,35
24,38
33,30
34,32
47,45
67,41
28,54
48,39
44,31
44,35
34,37
22,43
35,45
27,30
19,31
56,54
41,34
47,31
73,35
33,27
66,23
18,47
42,31
59,35
25,60
32,36
68,38
29,40
45,35
56,33
49,38
51,61
41,51
20,59
66,49
34,33
60,36
38,28
24,27
40,23
17,32
55,34
44,27
40,29
55,44
38,47
39,23
38,46
33,30
47,40
23,22
31,42
49,23
42,24
43,38
37,59
24,36
34,51
52,33
33,26
48,28
54,37
42,38
46,45
35,70
23,21
28,28
39,46
19,39
60,23
48,61
39,34
48,25
37,87
47,35
32,28
26,35
40,20
22,38
27,56
41,31
44,22
49,48
44,43
38,31
29,61
39,41
20,34
32,46
63,26
56,43
47,36
37,21
39,38
55,46
36,32
25,68
56,32
51,22
36,24
47,70
32,25
35,22
23,37
41,28
25,35
50,22
41,28
35,31
24,40
54,28
71,39
40,40
41,36
24,71
25,79
23,57
30,36
22,30
18,43
55,45
37,36
37,29
37,33
36,36
21,31
65,30
47,30
27,54
57,33
35,23
39,39
38,35
50,30
50,33
30,35
49,37
38,22
35,28
34,41
20,23
47,40
45,22
22,17
18,33
43,32
42,33
49,41
47,45
22,40
52,54
34,26
33,38
32,64
32,20
59,42
25,78
24,25
22,42
30,45
58,67
35,37
36,30
18,40
56,26
27,38
43,22
67,25
42,38
28,22
42,46
17,63
49,29
53,32
49,31
46,33
26,33
53,31
25,39
40,33
17,25
33,43
32,31
30,33
22,23
40,28
50,42
17,37
37,33
20,27
47,24
56,45
28,23
24,24
19,29
46,36
28,29
27,27
33,19
51,41
68,34
57,49
32,51
28,32
36,43
62,35
27,46
31,52
35,38
43,46
56,22
18,19
22,29
43,28
29,39
59,21
58,57
42,34
45,28
21,33
44,38
48,35
25,33
43,36
23,34
45,23
68,41
23,31
55,54
17,22
34,29
47,36
51,39
27,38
50,38
30,47
52,31
42,33
23,33
49,24
48,41
56,32
42,49
43,44
24,40
47,33
45,32
32,26
44,57
34,40
35,49
56,58
23,27
35,40
25,45
55,62
39,29
39,23
46,31
49,41
22,33
58,35
46,31
29,28
35,49
38,34
31,31
46,43
41,35
28,60
51,36
41,24
63,19
24,31
30,38
23,34
47,42
28,87
38,66
23,36
56,17
38,34
57,69
37,36
38,51
57,42
33,24
61,49
55,31
64,33
44,34
33,28
17,38
54,37
24,90
31,33
30,31
37,29
30,39
59,51
31,45
30,17
67,36
30,35
32,47
65,60
41,38
53,42
37,44
40,38
26,51
26,40
27,32
28,29
36,51
63,25
32,54
59,58
24,50
43,18
52,34
27,24
28,40
19,24
62,38
18,36
37,36
38,44
43,75
27,34
33,29
42,55
35,34
50,42
24,46
35,46
34,59
30,46
33,26
49,47
20,26
39,38
30,31
49,55
30,20
23,36
46,37
43,22
35,36
23,30
29,67
21,24
26,35
33,45
33,35
52,35
36,41
38,41
40,18
56,25
32,20
23,34
41,54
36,29
37,26
34,21
56,23
34,23
55,44
25,39
29,38
44,61
27,31
23,40
42,30
57,29
53,39
42,83
52,39
59,32
53,53
23,41
55,31
50,28
30,33
38,31
19,22
33,26
28,67
35,65
57,35
29,48
57,32
37,56
35,25
70,61
54,48
25,33
26,24
27,84
24,19
60,37
30,47
28,28
52,25
46,37
38,38
37,64
29,37
60,30
42,40
36,49
71,46
36,37
45,30
38,30
27,73
34,45
23,31
18,53
59,46
43,46
40,47
49,34
41,22
19,25
55,78
25,78
20,37
36,22
39,29
26,69
79,21
54,35
31,46
48,24
37,38
26,29
32,49
19,35
35,60
32,57
44,30
46,40
35,39
44,24
21,50
33,38
17,75
46,31
63,80
34,31
46,65
25,33
47,40
31,30
46,35
63,19
37,59
57,27
36,62
17,40
45,46
49,24
42,82
43,34
44,49
51,47
39,48
29,30
53,24
31,26
44,39
49,48
43,68
45,33
20,36
54,37
43,30
31,54
37,29
40,38
36,35
37,21
34,46
28,78
38,25
53,67
37,44
25,82
60,38
20,20
29,45
41,37
35,43
57,36
24,52
62,23
45,58
35,18
17,47
72,84
42,20
24,57
61,33
27,40
19,32
29,71
51,42
27,29
50,25
46,32
44,47
35,37
54,34
21,31
35,52
26,44
25,37
23,43
46,36
23,33
37,32
90,33
38,37
59,39
28,22
29,35
33,27
26,81
25,36
38,60
52,43
72,45
48,21
29,38
45,38
54,33
60,51
19,55
43,32
39,47
31,26
42,81
39,19
25,26
24,33
22,47
51,36
33,81
58,80
21,38
45,22
34,25
25,76
46,75
27,21
52,46
31,42
34,32
41,37
19,17
36,27
41,43
54,31
42,20
25,17
44,32
41,40
40,25
68,31
47,31
38,36
49,31
50,59
52,46
28,31
39,34
39,50
22,31
48,62
34,19
38,49
32,23
36,26
22,30
54,37
44,32
38,35
38,25
17,35
20,25
53,73
50,34
38,28
34,81
33,20
62,24
62,50
48,61
47,51
43,63
42,48
66,44
57,61
42,28
17,64
35,50
39,35
44,49
41,39
67,34
56,39
47,36
42,40
63,21
23,29
53,17
44,26
23,26
23,53
20,43
48,32
23,45
27,35
27,23
33,19
35,46
24,45
39,28
22,60
33,23
45,27
28,33
22,18
58,27
50,39
17,40
36,37
17,74
36,61
35,38
41,36
28,30
48,84
37,30
40,33
18,27
36,38
28,42
39,27
33,19
20,34
37,31
17,58
42,45
38,64
59,17
44,29
27,27
37,24
26,27
53,30
44,71
45,87
21,65
27,33
21,53
53,31
51,43
59,25
33,49
40,30
48,43
35,50
40,42
52,35
28,43
31,18
37,23
19,19
40,26
26,24
39,19
67,48
41,27
80,29
61,35
27,60
37,19
35,36
33,42
44,42
26,48
21,27
41,80
54,52
18,27
30,31
22,28
42,78
23,26
41,28
37,37
26,19
50,29
36,25
30,37
40,38
50,40
26,36
42,28
40,28
35,38
43,35
18,35
32,36
50,34
40,31
32,32
39,30
33,23
75,44
32,32
34,34
47,50
23,30
43,35
37,35
39,45
47,30
22,61
55,41
43,55
45,24
40,59
32,30
22,68
61,34
51,45
32,30
21,72
37,29
36,42
24,53
50,37
49,29
50,23
27,26
48,28
34,25
47,51
38,31
35,90
43,69
33,41
29,49
24,34
33,50
39,24
17,37
23,35
25,35
36,35
53,47
28,35
52,44
43,36
36,32
67,35
21,22
30,41
39,26
36,30
41,19
22,47
30,36
25,23
56,36
48,65
30,37
25,37
29,57
27,45
38,48
21,28
31,32
47,43
46,32
26,21
29,33
53,25
44,40
62,37
32,50
36,27
50,73
65,82
73,21
50,21
23,23
37,76
40,30
39,34
35,45
34,45
35,29
51,38
39,29
41,26
41,37
54,41
34,28
23,29
62,53
28,46
26,28
25,18
60,24
18,71
45,38
35,27
23,23
28,26
22,53
56,23
31,69
20,34
26,36
53,81
41,34
46,35
73,24
41,44
35,27
30,62
53,64
31,37
18,49
34,25
32,37
31,31
38,63
61,25
56,82
30,34
28,34
20,20
53,71
52,22
38,57
21,27
35,31
30,47
20,36
36,28
33,36
42,64
57,23
52,53
22,53
28,45
37,55
29,37
27,50
19,27
30,42
31,87
29,22
30,19
44,33
24,41
35,51
46,48
23,30
27,51
67,23
18,43
51,76
53,90
36,38
33,54
58,33
29,36
43,51
38,36
53,38
18,27
48,17
41,43
49,30
28,38
33,19
32,38
24,42
45,83
33,22
29,20
38,34
53,48
25,47
20,80
53,29
19,53
49,63
53,28
35,33
32,60
29,59
21,46
29,48
26,21
43,37
49,36
27,24
21,47
20,18
25,25
42,23
47,32
43,53
22,31
49,37
26,45
20,30
20,34
46,67
52,46
44,46
30,67
36,79
34,29
42,31
29,40
71,40
37,31
37,38
31,17
25,50
32,28
45,32
30,17
34,43
37,68
56,45
20,32
63,66
20,29
29,31
45,36
36,53
63,18
28,72
48,58
61,47
34,53
57,53
28,24
53,23
64,33
35,74
53,40
44,38
47,80
34,43
36,25
46,27
56,38
31,25
37,40
36,27
48,79
47,27
23,27
33,51
26,32
48,35
37,35
41,33
62,37
47,49
45,36
58,22
44,36
33,42
58,31
38,26
25,24
54,36
33,32
36,85
29,27
33,30
32,28
36,60
57,38
51,41
38,36
22,37
32,43
42,36
40,28
21,60
36,43
20,25
23,21
31,23
32,33
27,85
23,53
33,25
38,29
43,88
44,34
23,35
32,22
28,29
53,43
23,65
31,37
58,22
37,27
42,35
33,78
23,24
44,27
42,31
44,56
30,35
43,44
61,19
31,45
29,34
35,43
27,37
37,87
23,22
43,40
43,30
52,55
39,29
49,48
52,41
25,73
28,34
56,41
29,48
47,82
27,27
24,62
25,32
58,24
57,51
61,34
29,19
26,46
28,21
47,55
59,28
33,39
49,46
49,66
21,33
46,23
22,24
54,46
52,42
53,76
64,33
55,31
47,79
34,90
23,70
45,42
46,87
33,42
24,76
38,38
61,26
41,39
22,54
57,30
35,48
31,29
44,25
21,32
48,41
20,31
19,29
44,35
58,69
32,35
26,25
34,35
41,34
35,69
69,42
33,59
38,34
19,47
34,24
33,65
39,31
48,33
25,26
41,38
24,28
24,36
35,19
44,63
27,42
23,34
55,54
41,19
70,28
39,57
54,32
44,42
31,45
42,59
62,58
26,34
45,32
36,51
35,25
40,28
38,57
35,51
31,74
34,27
29,44
50,47
48,28
21,68
34,48
31,41
44,63
34,32
50,47
49,42
53,26
49,80
54,40
19,35
18,22
28,59
43,36
40,35
45,42
31,46
43,25
33,35
31,19
52,34
39,85
35,38
33,31
27,37
22,44
29,37
33,36
37,19
51,20
41,72
35,43
20,23
53,28
24,32
45,39
23,23
66,19
34,30
38,37
31,51
64,34
22,31
43,41
24,56
45,47
49,37
50,39
19,29
33,35
46,88
50,29
46,40
48,45
25,40
29,33
47,22
62,67
60,37
83,42
45,36
21,20
18,38
58,33
31,21
37,38
25,51
28,33
37,37
53,28
37,50
43,23
30,34
29,23
31,90
45,33
41,32
24,36
36,38
35,21
58,33
30,37
31,20
42,32
39,51
48,34
54,34
45,38
31,43
43,31
26,30
54,53
43,28
62,24
38,36
45,56
20,23
48,27
45,23
29,28
37,19
35,38
36,23
48,26
37,51
61,42
21,47
54,39
26,33
32,39
37,32
42,24
62,59
42,31
64,21
33,32
30,56
53,31
21,29
41,52
21,74
35,35
28,20
51,25
61,21
41,32
38,57
46,40
32,20
76,55
44,54
52,44
38,33
22,22
55,42
20,29
31,30
44,80
54,37
44,27
37,33
65,35
36,34
42,30
65,31
30,21
48,33
29,31
52,26
21,26
23,28
30,49
33,43
20,22
58,43
44,39
22,24
35,37
37,36
29,38
24,37
58,23
25,64
40,27
44,34
38,38
28,34
53,87
43,29
22,25
43,88
50,50
48,36
48,37
21,59
30,36
24,59
40,32
61,21
52,39
27,24
23,33
19,54
63,23
42,36
42,38
51,55
26,58
53,33
52,35
22,38
24,31
53,23
33,35
37,36
63,88
22,31
56,21
38,35
48,51
46,90
43,19
47,45
64,31
52,39
32,69
23,37
43,34
25,41
21,21
62,39
34,20
45,32
25,23
90,34
37,79
44,30
36,77
47,88
43,33
52,76
22,20
27,23
27,30
35,45
62,75
28,62
21,30
24,39
64,19
48,20
30,41
41,35
54,34
42,33
66,22
26,33
34,31
19,35
44,42
37,37
27,22
45,43
34,47
40,53
66,84
48,28
23,47
33,40
39,30
46,18
39,56
42,34
26,35
41,60
51,37
47,20
31,43
65,50
24,30
30,40
42,40
19,38
41,45
55,23
31,35
25,37
50,24
49,48
65,27
40,19
73,53
23,49
31,41
42,28
42,31
33,51
50,55
31,51
26,83
44,25
39,34
17,46
28,39
31,39
40,52
38,25
59,30
39,41
55,21
28,69
40,40
47,39
31,20
35,39
26,54
33,29
39,88
90,34
42,46
36,32
32,50
43,42
20,25
47,34
20,40
38,53
45,38
69,35
36,58
30,72
32,45
26,20
53,51
59,31
76,30
46,49
47,35
31,58
57,81
49,23
39,25
34,35
31,43
54,51
39,24
17,39
31,43
49,55
36,34
28,31
57,40
34,27
36,46
27,56
31,70
45,39
28,60
42,60
40,37
51,31
63,41
39,41
31,34
32,40
30,37
34,21
39,39
51,42
54,80
41,46
40,19
62,46
22,27
43,33
30,41
25,18
57,36
30,23
20,43
42,22
40,48
53,50
28,21
18,31
26,41
50,30
32,25
42,40
22,34
51,18
32,45
24,36
22,46
64,35
22,25
40,40
20,22
22,53
45,45
35,54
38,35
17,45
43,22
26,54
40,36
20,26
31,36
37,50
44,23
48,30
24,40
41,35
24,33
30,27
34,40
51,56
41,21
29,44
26,31
35,54
29,43
75,33
35,40
25,36
37,23
61,78
27,29
23,34
41,36
17,37
50,57
24,18
46,46
66,18
19,69
42,33
41,50
30,44
38,33
34,17
64,40
23,33
22,33
37,52
47,23
44,84
59,19
27,65
17,24
43,21
43,25
20,64
36,42
47,26
47,67
41,40
30,48
26,33
43,36
57,29
21,20
17,38
70,25
28,38
62,44
22,35
39,46
27,44
42,55
50,31
34,42
17,23
56,88
18,18
55,35
47,37
39,43
36,43
23,21
40,38
27,22
39,21
31,35
28,26
43,66
30,29
25,58
41,19
48,59
72,39
51,20
34,29
20,33
17,22
61,35
54,24
42,17
18,38
36,34
29,31
18,51
35,48
19,30
34,44
26,42
50,34
62,62
37,49
27,41
51,23
32,41
44,34
43,38
55,41
30,19
29,42
62,49
42,84
26,40
21,60
38,36
62,29
51,32
22,41
44,70
47,40
47,20
44,28
29,35
41,54
39,81
38,80
37,32
35,22
24,32
33,41
48,30
35,35
26,23
35,23
21,46
38,32
43,81
49,19
26,43
37,30
32,72
45,27
36,87
30,56
34,27
45,28
29,37
36,32
24,56
30,41
27,40
18,45
51,29
33,23
27,28
26,43
39,64
46,34
37,37
40,32
31,65
28,34
31,47
21,80
42,22
51,29
25,24
37,22
23,19
38,30
44,42
52,28
56,34
46,36
34,31
27,21
42,46
42,47
41,32
52,44
67,51
44,28
35,70
69,29
27,47
28,24
30,29
22,30
39,36
49,40
22,41
51,47
24,30
66,32
48,41
35,43
41,36
43,23
42,34
29,55
50,55
35,43
24,51
25,19
39,34
28,52
34,43
29,25
51,46
20,35
29,33
19,87
34,48
22,33
32,82
53,83
27,42
33,33
51,43
51,21
44,31
29,87
37,46
69,47
26,48
28,23
23,36
37,34
47,37
21,35
62,26
20,26
42,50
22,41
34,62
56,37
58,30
32,37
35,39
50,22
63,49
36,24
23,30
17,57
18,40
38,49
54,78
41,28
21,50
65,34
42,37
43,33
28,30
37,25
31,38
28,34
19,34
56,24
56,36
19,24
37,37
43,60
18,29
32,43
32,34
41,36
23,19
50,22
40,34
37,41
49,25
32,28
44,33
19,29
32,57
41,23
48,29
39,21
44,25
30,54
24,22
44,52
36,32
33,30
48,42
36,33
37,64
46,53
25,24
64,50
61,32
61,37
30,39
39,48
45,36
34,28
43,51
67,27
56,77
63,25
54,69
19,29
32,33
52,33
48,23
38,59
22,33
18,41
20,30
37,27
40,87
23,71
23,33
40,24
18,22
52,36
55,20
23,37
57,46
44,43
27,29
25,67
36,46
44,45
46,42
35,35
47,59
24,23
44,32
30,47
35,48
52,40
19,59
34,33
45,28
59,34
37,45
19,32
21,26
40,36
30,30
37,53
20,35
48,25
50,24
53,18
48,64
59,37
17,37
51,38
44,32
33,43
33,61
23,25
34,44
39,31
32,58
31,36
37,34
22,41
42,61
38,24
23,33
22,62
54,51
36,31
51,77
56,52
30,21
42,27
28,45
19,26
30,29
23,26
17,25
55,46
26,58
57,82
33,53
18,35
19,38
23,34
55,42
25,61
37,69
31,27
38,27
53,37
33,30
34,39
43,61
46,46
47,31
32,30
22,21
17,22
26,53
75,46
52,42
55,20
64,32
47,51
40,24
44,31
60,29
28,46
44,59
63,44
62,41
60,32
57,32
33,36
31,76
64,42
55,41
32,33
19,29
22,35
26,27
40,34
56,22
63,46
42,41
41,32
36,26
52,31
17,36
43,32
22,32
18,28
49,34
34,24
53,26
38,23
55,58
37,40
44,43
34,35
58,42
27,39
42,38
24,20
33,22
32,25
25,30
58,41
37,35
35,32
33,51
41,40
30,23
33,31
39,29
34,32
32,31
36,24
41,46
39,68
42,38
31,33
21,17
25,33
33,29
27,58
25,32
60,42
18,29
45,23
26,28
45,72
37,43
46,65
68,32
41,30
35,42
22,41
44,47
46,25
24,48
37,38
39,19
23,41
58,47
51,24
30,50
65,33
48,38
38,23
51,21
23,32
28,38
62,47
23,58
39,48
47,53
38,42
35,25
18,20
29,34
43,35
25,29
43,50
24,87
31,35
22,30
51,25
24,32
34,25
46,31
37,18
29,85
25,29
22,38
25,26
46,45
22,40
32,55
35,78
24,40
43,52
27,34
80,28
43,39
36,40
23,46
27,83
54,38
52,25
57,30
22,22
37,45
45,22
46,38
21,39
23,37
42,34
22,34
38,21
34,22
44,29
37,39
50,26
27,43
29,39
50,34
21,44
63,36
34,20
43,35
37,23
22,36
39,30
31,42
31,37
22,39
48,28
68,39
29,41
38,37
60,49
34,34
20,27
36,24
48,30
57,24
31,41
53,34
40,32
43,46
49,32
45,34
46,20
38,65
28,56
46,31
22,29
19,67
50,38
30,53
20,64
23,41
30,67
57,19
44,28
32,23
65,42
25,29
21,36
46,30
22,24
72,28
19,34
27,33
35,53
22,83
41,40
30,49
51,30
47,31
35,27
57,24
68,33
23,69
20,25
46,45
31,87
18,32
17,23
44,35
36,25
19,34
51,32
59,32
19,21
30,50
20,35
43,31
32,27
41,39
19,41
57,51
55,18
20,23
57,35
61,50
42,30
29,49
29,27
35,43
41,78
39,43
24,46
46,42
23,33
28,54
66,51
20,22
27,46
28,47
35,38
62,46
47,79
47,41
22,37
38,21
20,29
19,26
37,23
39,41
23,33
24,45
39,57
47,18
32,40
29,20
27,47
33,35
74,27
30,22
55,40
49,27
29,29
60,43
44,32
34,82
45,21
20,43
34,37
34,47
35,42
29,34
25,35
27,34
32,25
38,30
40,25
60,75
50,29
19,22
42,45
20,49
18,32
33,33
48,33
73,87
36,50
58,45
54,18
50,52
34,38
38,19
25,54
39,26
27,32
56,62
20,36
22,33
38,32
30,52
58,57
40,38
31,25
26,28
28,61
28,24
60,40
50,36
42,25
45,59
17,49
40,41
44,24
55,65
60,47
19,33
58,87
27,36
47,23
49,26
26,29
44,42
18,28
20,40
41,41
20,40
32,49
52,42
22,39
60,63
26,40
60,39
28,54
32,18
41,23
47,60
33,45
54,32
39,63
41,36
39,68
41,26
33,36
31,27
41,44
22,30
58,23
53,31
63,34
20,42
34,24
59,43
36,38
39,35
34,42
50,31
34,31
42,43
49,85
65,23
30,39
28,40
22,33
50,37
52,49
36,27
55,23
42,29
49,56
30,49
20,49
47,37
41,24
27,31
36,37
27,21
44,37
29,27
64,59
48,30
55,45
51,22
31,43
30,46
48,26
52,29
18,33
36,30
22,26
56,37
50,38
27,34
21,20
36,42
35,24
20,37
34,47
23,30
39,60
40,24
41,29
49,42
28,42
42,41
37,26
18,84
65,40
31,25
34,34
25,23
37,37
36,19
21,25
20,28
51,62
24,29
39,33
37,36
49,38
21,40
24,40
32,45
47,38
20,27
25,27
24,32
45,28
27,25
18,18
64,41
33,59
29,37
17,23
33,23
43,25
33,32
19,28
47,35
24,17
56,31
37,33
41,31
59,49
47,18
24,24
68,20
31,28
23,70
38,43
47,38
74,70
34,23
23,23
46,41
59,29
36,39
40,35
62,28
37,35
46,20
30,40
46,46
32,20
31,42
62,39
19,38
44,37
41,85
43,73
35,42
61,20
38,24
34,29
33,88
23,21
60,24
51,37
62,35
44,29
36,31
67,36
31,84
58,47
45,45
17,40
32,40
27,69
79,25
39,32
19,45
45,24
65,23
53,27
42,30
52,40
39,28
39,32
30,34
54,34
23,37
39,40
43,35
90,22
28,25
48,33
27,27
50,40
23,36
51,38
20,28
43,44
39,32
40,44
65,31
61,43
50,45
41,53
59,42
26,38
28,24
61,47
49,39
41,33
27,62
26,32
49,44
58,40
39,30
57,30
37,34
82,21
55,31
38,37
28,37
51,30
22,41
48,43
32,28
41,41
29,24
53,39
31,40
41,19
25,68
67,35
23,59
23,39
27,23
55,49
46,31
56,52
34,34
22,29
62,21
45,36
64,59
18,76
33,29
27,28
27,26
46,49
19,24
24,37
55,44
46,46
23,20
45,24
27,36
20,32
25,45
28,25
23,42
36,38
21,65
47,45
22,23
58,24
28,57
34,25
17,19
51,87
63,23
29,23
52,36
32,20
63,69
28,21
34,40
50,33
27,26
27,50
34,23
74,35
30,47
38,35
45,34
28,40
30,73
19,42
35,45
36,38
39,37
48,46
61,35
45,67
51,45
41,82
26,36
18,33
20,32
43,28
66,26
32,39
47,60
40,31
41,37
35,33
46,30
29,87
42,70
22,48
44,36
28,33
39,23
21,26
61,26
38,24
36,79
57,41
21,24
56,46
47,31
74,38
56,63
36,34
51,22
26,79
52,30
46,40
21,62
35,35
35,52
39,23
30,39
40,34
55,41
31,36
69,30
42,29
54,48
55,28
56,31
50,46
32,23
61,38
29,22
51,19
46,30
52,82
26,23
37,90
25,82
19,30
31,33
53,47
37,35
23,44
51,41
34,28
38,36
45,27
34,22
45,39
29,26
35,28
53,24
49,39
39,87
45,40
76,43
69,50
24,31
37,79
25,45
28,68
52,32
41,31
31,37
51,27
48,46
46,64
35,48
27,23
23,19
57,32
28,52
21,90
20,40
27,36
29,32
33,27
26,25
18,44
19,21
29,37
32,42
43,73
76,29
29,32
40,47
69,59
24,34
45,19
52,54
40,52
60,37
45,74
19,65
18,21
45,44
55,23
26,44
37,41
37,85
24,43
27,36
52,32
21,31
55,67
49,56
44,33
18,33
59,88
44,32
64,43
70,38
24,51
18,28
62,90
47,39
38,52
31,17
60,30
38,43
67,53
28,39
57,37
30,21
41,32
43,84
54,38
37,21
60,33
66,20
26,51
28,23
19,44
23,33
32,51
43,29
37,27
18,36
36,34
30,22
58,26
35,60
34,30
30,19
33,24
29,26
46,81
48,31
53,24
52,24
41,61
60,35
48,34
65,31
50,85
41,27
37,30
23,56
48,39
56,72
43,43
19,54
36,33
48,60
43,76
27,47
29,41
36,31
36,37
35,42
28,26
24,30
35,34
20,57
30,37
40,57
52,21
51,21
39,51
37,41
35,45
35,38
35,26
47,28
30,24
34,30
46,37
46,38
20,39
37,62
21,31
50,44
21,26
42,42
38,63
53,38
36,27
68,29
32,17
24,42
60,40
45,23
41,17
40,26
18,43
25,75
23,62
53,72
40,27
60,51
54,72
34,23
46,45
28,37
36,39
50,63
51,68
35,44
47,88
38,33
45,34
43,45
45,25
64,23
64,40
19,38
65,31
48,25
49,27
21,36
38,17
31,18
39,33
40,30
17,61
56,18
19,37
17,75
41,30
29,59
53,58
47,31
45,56
41,49
44,37
41,48
67,36
60,37
61,33
34,42
58,34
26,50
26,55
26,30
64,42
57,23
39,32
26,76
38,39
44,46
52,30
67,20
22,52
58,70
55,27
26,24
38,33
29,49
20,28
30,49
49,38
38,63
44,37
49,37
47,54
43,38
44,47
44,23
62,44
42,24
42,46
46,32
19,29
65,54
40,76
23,37
27,33
62,36
35,52
25,29
41,25
49,37
31,24
23,19
53,74
27,61
43,39
25,29
47,28
40,17
43,59
28,23
46,26
28,47
57,24
25,23
30,43
35,34
44,36
36,31
43,40
39,19
34,61
19,23
75,23
50,22
44,35
46,32
43,34
38,20
27,35
18,25
34,27
60,36
38,42
26,58
19,42
35,74
52,36
23,22
19,69
45,59
31,41
42,39
54,27
54,22
34,24
21,31
24,83
44,40
39,19
39,33
23,34
37,34
33,64
42,45
32,36
32,53
39,36
42,38
19,37
50,66
54,59
36,23
24,32
28,69
26,36
45,35
49,85
21,23
33,83
18,48
40,20
48,20
31,33
43,24
28,34
63,67
46,27
48,39
41,52
33,45
72,47
46,32
39,90
33,37
22,31
53,67
34,22
32,26
33,42
19,26
36,23
20,27
28,33
27,42
41,39
37,52
39,78
34,41
25,34
40,37
21,32
58,41
24,90
47,58
52,29
67,35
31,22
46,35
48,18
48,41
40,18
52,77
25,28
63,41
41,46
63,43
34,31
26,26
46,36
40,25
61,54
36,44
28,29
27,25
32,33
26,47
40,33
43,36
37,37
38,37
32,43
30,37
34,19
53,47
27,17
51,49
77,41
50,27
22,26
21,44
35,31
25,38
19,20
23,48
19,35
24,35
39,24
61,40
55,42
52,30
30,23
36,30
41,39
43,28
28,44
34,25
34,41
28,53
17,24
35,47
56,21
50,39
28,18
55,40
35,24
23,20
58,46
24,41
53,58
57,37
38,24
21,20
32,24
69,43
23,22
31,49
46,85
21,58
54,28
61,31
33,42
27,36
29,36
47,63
25,36
22,29
25,30
27,20
58,62
55,26
35,28
18,40
22,28
19,38
21,31
22,41
19,40
37,57
44,44
55,25
42,46
25,35
45,44
51,27
50,43
39,50
46,39
37,34
36,44
50,45
49,28
57,37
39,29
19,37
51,21
54,43
61,46
23,61
37,21
35,32
54,33
41,29
54,55
53,41
41,31
24,31
17,31
41,43
28,25
38,29
24,32
39,37
59,23
24,46
54,45
37,33
24,28
19,39
57,53
51,68
32,40
46,35
65,47
32,47
38,31
28,24
39,35
33,33
69,52
23,38
39,24
43,38
30,33
30,41
21,57
50,31
29,35
53,37
58,23
41,23
33,71
57,23
32,43
32,30
44,36
51,17
50,45
38,35
32,24
42,26
49,41
19,45
42,82
49,22
31,33
42,23
36,34
31,23
43,55
50,27
20,29
20,20
26,41
52,21
25,75
41,49
47,34
38,46
34,36
49,45
19,36
78,84
25,31
21,30
31,58
25,56
45,37
17,21
36,28
42,41
20,35
29,21
34,37
32,30
31,36
37,56
40,24
27,60
61,46
40,44
52,21
57,61
32,33
51,77
29,33
50,25
51,28
41,39
22,36
46,65
40,18
55,36
31,31
48,25
65,21
45,43
37,29
46,39
57,39
41,18
54,25
29,53
56,17
20,22
29,58
33,25
67,45
49,42
29,71
50,36
51,21
31,24
23,31
19,26
42,73
40,38
43,50
47,73
31,30
43,62
53,35
31,34
63,66
22,88
30,40
42,20
59,56
22,41
32,23
41,31
46,82
43,25
20,34
36,36
32,24
26,78
59,33
45,40
32,68
22,88
61,40
17,61
22,36
29,40
71,31
38,40
50,47
38,46
25,19
45,42
46,23
18,40
26,23
55,63
30,55
26,30
23,39
21,18
59,49
53,51
24,43
27,25
31,21
34,30
46,62
24,50
26,43
18,37
49,36
56,40
31,25
27,22
47,34
33,75
60,42
37,32
28,23
31,54
38,37
44,42
22,38
31,53
26,23
56,36
64,44
19,36
70,42
39,23
34,40
64,45
37,51
29,17
60,28
34,19
44,23
34,44
45,27
54,38
33,45
45,19
59,46
27,58
37,19
18,18
43,38
23,24
41,67
35,34
40,72
30,44
53,38
29,75
64,34
51,33
34,37
52,40
25,34
23,31
72,59
43,26
24,34
35,41
37,22
39,33
41,20
42,30
37,63
44,37
49,46
45,34
24,39
44,47
54,33
28,71
37,59
18,41
57,42
27,60
62,62
30,51
37,26
28,53
43,29
49,31
22,34
42,49
39,43
53,34
39,40
70,28
26,19
38,34
35,39
28,32
27,80
17,24
29,23
34,30
27,31
42,29
36,35
31,22
47,28
32,51
29,32
41,41
21,45
38,41
27,73
61,84
34,25
23,43
33,45
31,34
37,21
37,28
31,42
44,72
44,45
25,34
22,24
39,42
34,31
24,31
38,42
56,29
20,73
64,39
32,22
35,28
48,22
30,36
45,42
20,33
44,54
36,35
49,60
23,25
38,33
74,63
43,23
49,17
30,39
29,51
33,21
33,20
52,22
33,35
43,35
24,24
20,28
34,28
52,29
31,23
26,80
48,34
41,60
18,24
41,70
21,31
56,38
19,55
31,85
47,60
34,41
31,24
37,21
55,31
19,49
52,47
31,63
59,28
58,37
32,21
39,38
46,45
26,24
50,41
45,37
33,33
51,39
20,33
23,29
36,30
67,43
37,25
41,32
45,33
20,25
34,54
27,45
27,39
31,34
38,20
29,31
28,34
39,21
34,24
54,62
26,34
19,46
22,23
44,25
30,29
59,33
38,50
25,81
33,23
45,22
58,38
25,38
64,31
52,29
32,85
58,23
51,21
20,80
36,17
29,47
54,36
63,47
48,22
28,19
48,74
27,30
47,35
20,34
33,43
32,53
44,23
33,38
28,35
43,31
57,59
18,38
71,46
30,62
23,36
27,26
27,51
48,19
40,30
32,39
44,61
33,34
52,75
36,80
47,25
38,28
24,55
51,34
42,37
39,46
50,56
40,41
36,33
41,40
46,35
21,33
39,60
43,27
37,21
52,48
33,20
47,29
51,26
24,28
29,30
45,25
35,31
69,27
54,70
53,31
25,22
50,36
42,42
30,55
36,42
29,68
28,26
43,53
26,18
41,31
25,56
34,39
47,34
45,39
40,35
50,31
31,32
63,52
21,49
51,19
18,23
55,47
33,39
31,34
19,38
18,35
41,17
21,31
46,28
42,62
47,45
34,43
64,47
43,43
22,72
50,24
63,22
62,20
41,29
51,49
33,45
81,66
42,17
24,45
35,20
55,66
54,83
37,29
55,77
64,38
53,35
34,38
37,33
30,38
28,81
33,66
23,35
33,36
63,33
30,45
38,38
46,43
50,27
31,21
32,26
34,39
44,21
45,51
34,22
46,23
42,83
41,28
18,25
46,27
32,35
22,33
38,24
26,44
23,33
21,19
62,35
50,76
39,23
35,38
54,35
46,43
31,39
37,30
22,37
26,31
27,32
43,36
44,52
54,25
35,78
44,53
27,39
50,22
36,43
38,46
41,29
33,27
23,60
38,22
25,72
30,36
20,34
58,41
65,38
66,25
35,30
23,52
22,43
41,31
31,49
56,21
31,18
22,46
26,22
52,64
47,43
45,36
25,18
18,26
23,18
26,50
25,29
18,43
32,30
52,71
37,35
43,40
54,32
18,24
54,28
38,38
64,26
42,18
33,41
31,28
73,34
44,41
59,37
24,23
26,41
27,87
29,45
28,36
48,22
46,56
38,18
26,29
46,30
26,31
60,23
66,24
22,64
59,24
21,36
36,50
33,36
40,25
53,27
33,34
44,25
43,79
26,39
23,26
60,62
21,85
56,43
35,25
34,33
20,49
57,34
45,23
27,83
40,40
30,30
30,41
61,53
39,52
21,38
57,40
34,24
32,39
34,23
59,44
33,20
22,33
73,61
52,48
42,39
32,55
28,38
40,25
24,22
63,33
70,77
25,21
62,35
43,30
22,19
23,25
29,33
27,23
35,21
38,71
62,37
40,36
61,27
34,42
64,32
80,29
36,29
45,41
23,42
35,63
31,23
43,62
28,34
37,30
32,37
49,18
39,22
25,49
28,27
23,34
18,79
66,25
31,35
28,40
40,72
39,23
23,25
19,25
28,30
29,24
42,33
39,35
49,27
31,39
27,39
55,37
22,46
57,51
24,36
21,29
49,24
27,40
40,31
33,43
47,56
23,22
28,27
35,32
71,39
36,80
75,27
17,37
24,55
27,32
38,25
32,25
33,51
43,58
38,54
41,73
20,38
31,24
55,26
57,45
28,43
36,44
23,34
45,62
36,34
45,37
23,43
43,29
20,58
20,25
24,33
23,41
54,38
59,23
27,42
43,31
18,35
68,30
38,48
37,36
59,38
52,53
33,46
45,65
18,23
28,31
27,47
32,83
23,70
38,49
28,34
51,58
28,47
35,35
63,39
28,45
32,25
40,40
58,21
19,34
32,56
41,26
32,44
36,78
25,36
30,35
27,32
26,23
23,76
41,22
35,22
26,46
33,25
36,27
50,33
44,34
54,46
47,45
61,42
55,41
39,28
47,25
19,31
36,39
27,31
17,77
55,23
46,18
36,37
35,40
37,40
41,49
51,25
20,24
55,44
21,33
32,35
27,42
36,33
17,49
60,33
47,23
23,34
80,31
29,49
34,33
26,33
34,37
42,26
26,42
43,43
17,45
33,24
35,35
36,33
48,43
38,23
17,43
36,52
32,33
26,32
50,25
41,26
39,37
45,21
37,22
21,39
29,45
23,49
33,20
22,32
34,59
38,22
40,34
21,53
30,28
29,37
30,23
28,23
30,44
34,36
35,84
27,27
61,47
35,42
53,79
33,40
32,34
59,42
37,41
28,46
41,21
47,21
44,29
48,71
31,25
47,43
23,31
22,46
43,37
47,29
31,37
36,42
23,20
41,46
39,34
52,24
52,56
28,67
46,46
33,31
33,22
51,29
41,18
20,20
45,33
31,40
33,34
55,36
90,83
27,49
48,35
17,34
68,45
48,41
31,35
31,25
37,33
32,48
45,26
24,80
44,30
81,38
44,48
41,32
19,31
19,38
30,44
50,39
42,20
19,43
31,20
23,28
41,52
19,33
29,21
23,36
44,33
46,22
59,50
24,45
40,37
20,40
41,30
34,19
38,57
40,31
17,20
39,39
30,38
18,82
54,28
41,56
47,44
23,76
27,45
44,20
50,46
38,42
30,37
43,31
47,38
33,33
43,33
53,50
37,24
44,54
37,46
23,22
44,81
41,23
39,37
59,32
59,33
35,31
44,65
39,24
24,74
42,58
37,34
32,25
56,28
31,61
47,60
35,25
18,27
35,50
39,71
24,23
26,61
35,22
32,25
25,38
31,28
19,28
72,56
64,23
42,46
59,41
27,31
41,32
29,49
35,24
24,49
45,26
42,39
45,36
49,69
17,54
22,65
21,27
33,29
19,44
57,29
26,30
73,40
33,27
33,49
24,27
35,32
37,42
31,42
45,47
47,54
22,20
31,36
34,28
23,36
27,48
56,55
34,36
40,20
24,33
40,39
37,27
38,35
53,32
25,61
21,20
47,33
59,71
21,76
23,24
55,34
20,45
29,34
21,50
56,37
37,36
57,23
35,31
21,26
32,29
57,42
44,41
51,36
29,33
41,25
59,57
23,54
63,60
29,35
54,45
18,30
62,43
26,35
19,27
24,81
42,35
48,37
53,78
59,37
40,31
25,23
26,33
33,52
65,34
41,45
18,22
81,42
36,33
38,34
46,35
51,26
24,22
29,25
33,52
38,25
31,44
27,34
36,54
58,19
49,25
28,35
20,48
31,41
61,47
34,23
30,42
22,41
41,31
25,43
41,36
36,29
48,20
63,35
30,21
19,23
38,45
22,75
48,41
30,34
21,35
33,34
23,47
37,31
44,19
22,88
36,40
22,47
20,36
38,27
24,41
37,23
50,37
47,46
37,25
49,36
20,20
50,57
36,42
39,23
41,43
42,47
42,34
23,45
24,38
32,45
42,55
57,25
32,41
41,44
71,36
23,28
23,47
47,31
56,44
54,19
41,20
35,42
19,53
50,46
26,36
20,27
21,36
21,36
50,45
28,28
31,22
31,45
47,37
46,34
47,43
55,23
27,37
22,23
52,37
49,75
35,19
27,20
37,35
42,26
44,36
18,31
55,46
60,38
40,46
19,28
40,35
48,22
46,26
55,35
50,48
56,49
33,43
38,23
53,63
60,45
83,43
35,41
46,36
20,20
64,56
23,36
23,22
38,28
25,22
30,25
54,72
57,45
27,87
36,37
67,31
43,36
39,33
39,28
36,32
48,47
28,33
38,19
26,32
58,23
42,80
47,19
65,53
26,42
42,49
25,46
49,31
34,29
24,33
35,64
68,17
50,67
37,29
28,24
52,39
47,71
45,45
43,29
30,18
50,45
20,29
74,84
55,20
47,40
39,28
37,54
35,33
38,29
49,29
40,41
40,90
40,19
23,51
31,21
50,34
26,29
28,34
42,34
28,23
28,31
44,33
26,30
65,40
43,30
30,23
28,45
61,62
25,19
26,33
33,79
41,32
26,31
36,47
28,39
49,44
25,41
33,36
51,40
34,46
42,37
32,29
35,31
17,60
35,84
26,41
32,29
33,41
22,35
52,58
26,31
40,51
18,38
37,31
64,36
36,28
45,49
45,48
33,54
33,77
47,39
25,45
49,79
54,59
46,29
37,42
60,36
20,25
47,23
54,42
31,20
33,38
42,24
34,20
33,46
23,52
53,24
32,18
45,20
46,25
50,44
46,40
51,41
49,31
52,48
32,21
39,79
57,40
50,24
29,33
20,36
25,36
22,49
46,23
62,67
26,35
23,18
18,76
22,68
38,23
44,29
30,26
25,46
31,39
31,21
36,81
38,32
39,31
24,36
31,35
29,33
49,60
33,34
58,18
34,37
22,25
35,38
22,23
41,27
38,73
23,18
32,23
56,26
67,41
21,83
42,65
36,55
28,27
44,27
46,35
90,29
41,22
39,38
32,20
77,71
23,69
22,34
22,57
51,31
27,21
63,19
61,49
21,43
18,80
22,60
23,33
28,29
56,21
32,25
31,30
26,52
36,42
56,39
28,46
21,46
21,20
46,68
59,43
19,25
26,50
41,65
41,39
55,40
24,37
32,46
38,23
74,20
54,32
39,23
71,40
37,18
30,42
33,36
36,77
33,23
56,23
38,19
27,40
46,40
37,32
40,34
28,36
34,40
53,36
75,30
30,25
19,45
35,40
25,28
25,65
46,26
60,64
61,49
55,41
20,21
38,21
61,72
77,36
61,32
32,28
33,65
36,38
39,32
47,37
37,23
27,30
35,22
31,32
25,28
22,51
31,30
38,52
22,85
39,60
47,23
40,31
55,23
20,36
17,32
36,24
23,24
24,30
33,43
26,26
62,36
21,34
60,33
45,25
37,40
26,35
33,46
31,54
28,36
27,33
45,65
36,69
25,58
39,45
41,46
36,31
42,25
77,57
65,53
62,39
32,85
51,45
42,49
33,56
65,38
47,38
39,23
53,26
35,31
38,43
19,35
39,24
24,36
29,49
34,29
36,36
23,46
33,44
79,31
23,33
20,19
85,46
51,42
41,71
30,27
35,36
24,74
41,22
34,35
33,54
38,87
66,22
59,60
43,41
18,36
28,20
58,48
49,28
20,26
23,31
27,35
24,47
41,43
44,36
50,31
20,23
34,20
26,41
30,25
28,71
40,30
69,45
24,36
54,38
48,34
24,31
26,26
38,46
21,24
40,46
22,19
29,43
17,60
37,54
53,20
25,24
39,44
33,33
31,33
37,55
25,33
64,42
25,20
25,22
21,36
24,40
53,24
40,42
57,33
46,45
37,26
24,24
50,45
35,53
50,35
46,43
21,42
32,31
30,58
26,33
90,39
35,60
31,76
38,60
65,64
59,29
53,47
21,21
33,67
26,88
20,50
18,46
41,90
36,20
23,23
31,35
25,35
41,41
21,47
34,29
25,45
19,37
53,30
20,42
38,40
47,52
23,38
65,33
41,25
27,48
49,55
65,41
41,67
32,44
50,43
21,30
42,35
26,33
27,42
41,34
35,58
50,26
31,34
21,33
21,42
61,36
60,51
42,44
28,87
45,24
69,35
61,33
22,29
33,55
49,28
26,40
61,37
25,49
30,36
23,34
22,40
28,19
44,26
38,37
30,36
42,39
35,29
31,59
30,23
39,24
49,34
38,21
30,27
24,36
27,23
40,23
18,32
44,44
24,17
66,32
40,49
53,25
56,22
43,53
49,34
19,25
60,28
38,64
25,25
23,32
19,42
17,40
46,32
55,88
45,40
26,25
52,42
34,37
28,43
42,48
41,46
38,44
36,34
33,23
56,21
20,41
37,32
50,33
29,30
19,31
27,26
30,82
25,21
35,85
31,23
29,37
46,42
42,36
59,36
52,50
53,44
38,57
19,32
25,82
28,61
44,23
22,84
37,18
58,17
21,25
47,17
23,44
47,32
42,28
20,20
39,47
37,25
62,35
24,37
47,52
53,43
26,26
53,39
55,50
29,31
44,26
34,34
19,49
52,46
38,34
47,37
59,44
26,39
59,47
37,55
23,37
65,36
31,30
42,18
57,64
53,31
19,39
23,59
24,17
25,57
28,35
49,42
23,38
44,30
26,27
32,23
22,45
46,39
22,24
65,29
54,38
56,29
35,27
53,27
31,38
46,30
28,36
46,25
36,38
48,27
38,41
22,26
39,25
41,40
20,39
38,29
50,34
77,38
67,29
34,53
45,53
37,45
46,38
32,28
32,45
38,50
26,42
39,35
38,40
20,70
33,37
23,29
24,28
63,40
45,31
23,30
47,44
46,33
40,19
33,26
24,21
30,22
50,65
54,25
39,33
40,24
35,47
61,23
62,46
48,69
23,78
25,29
32,35
30,44
64,50
46,25
23,36
46,28
24,27
19,53
46,41
31,42
42,22
38,37
43,25
29,31
37,32
26,28
34,33
66,32
45,38
33,49
26,31
56,51
40,78
38,23
59,46
22,26
53,46
50,22
17,40
50,31
45,33
33,24
24,44
26,23
62,39
46,27
29,30
23,30
63,36
33,32
28,21
26,38
46,34
36,39
29,85
24,17
27,31
32,88
37,50
29,45
26,76
48,59
55,63
62,38
44,34
21,32
52,34
46,45
30,26
38,25
24,25
43,37
42,31
46,24
44,65
25,55
26,49
40,30
55,34
21,50
41,52
19,36
24,32
33,35
25,31
56,34
32,69
25,30
28,80
37,33
31,38
31,33
45,84
38,25
38,68
18,53
57,35
28,46
41,68
35,28
37,33
22,26
47,41
23,85
53,55
19,48
54,31
46,54
29,32
31,46
30,29
30,55
58,23
37,46
39,20
22,37
51,57
60,23
38,43
43,39
35,36
42,25
46,36
33,38
23,22
36,30
28,35
51,31
39,30
18,29
44,36
23,58
27,22
39,46
52,24
41,33
36,26
31,22
27,36
61,30
51,37
60,31
44,28
19,19
39,20
34,57
47,35
38,33
43,35
70,32
28,38
27,28
29,51
36,23
38,22
45,49
24,88
18,46
58,19
30,58
34,29
49,36
51,74
35,73
47,20
54,51
19,23
44,44
61,32
44,57
21,24
30,60
17,22
34,41
46,37
26,19
24,36
56,18
59,42
32,42
59,41
28,30
65,51
18,24
21,48
47,30
39,25
57,41
25,50
58,40
56,36
38,25
40,21
35,32
46,20
29,74
22,38
38,33
41,35
41,59
47,49
33,69
31,24
36,28
50,25
50,32
35,25
18,75
47,22
58,24
47,49
50,49
20,19
43,46
39,27
44,23
33,36
34,33
40,44
62,47
29,35
31,39
34,46
50,38
38,69
35,45
59,66
32,46
24,36
19,21
37,33
30,28
18,33
22,29
37,33
25,25
44,32
64,30
45,41
34,35
37,52
47,36
58,48
34,54
44,28
40,20
52,36
46,46
38,59
55,53
48,31
56,40
67,30
18,37
29,28
24,33
20,31
20,26
40,22
46,50
58,58
28,87
38,35
49,37
29,30
31,49
58,36
26,37
44,42
40,31
18,46
42,31
62,57
34,38
33,27
49,37
27,25
43,27
28,22
51,44
19,43
30,33
62,29
53,31
48,36
64,27
44,22
56,23
71,48
58,22
53,24
55,24
57,59
42,47
33,38
32,46
63,41
57,38
23,25
29,40
41,35
28,22
29,68
43,38
60,49
45,32
19,31
20,26
19,40
22,40
29,29
43,36
29,31
36,34
60,25
29,44
46,38
45,25
48,34
35,20
70,36
45,40
22,26
36,30
27,24
22,21
27,34
38,38
57,29
45,68
48,33
27,70
17,25
34,26
47,40
45,25
46,53
32,36
20,58
52,41
37,46
24,46
21,39
53,56
32,30
50,31
29,56
69,35
54,33
36,37
19,42
30,55
38,37
19,31
57,52
28,19
44,38
41,38
26,38
32,66
28,53
34,31
33,34
67,34
19,31
32,28
23,53
21,35
29,36
43,24
33,41
32,19
57,45
24,33
56,50
28,26
21,25
29,21
49,28
55,30
55,41
40,25
29,22
61,22
36,40
29,37
48,44
45,79
31,27
39,28
24,47
54,40
37,36
48,69
40,75
21,66
28,33
61,39
46,60
52,22
22,76
27,34
27,41
27,42
47,22
35,90
17,38
40,36
29,28
24,53
27,90
58,37
32,57
43,76
33,36
18,35
21,21
70,40
18,20
67,47
42,35
58,35
27,33
59,31
40,36
32,34
49,44
24,61
22,28
55,37
33,70
24,18
38,25
49,24
37,27
34,21
44,42
35,20
22,26
70,23
28,51
34,35
36,39
20,33
37,47
59,51
46,39
21,40
35,40
35,39
31,75
30,36
35,35
33,43
29,43
31,26
45,27
46,36
25,23
29,27
37,44
35,31
39,84
25,47
28,37
22,47
71,50
33,21
37,29
52,32
24,59
58,32
42,31
33,52
36,33
39,24
44,20
20,33
20,23
42,40
47,28
69,17
28,25
61,53
56,30
72,36
48,63
31,36
38,30
70,31
33,41
23,41
33,33
19,30
21,22
27,31
34,49
23,64
26,30
38,38
41,19
22,17
41,18
35,38
25,32
44,26
26,26
34,29
17,38
31,29
37,38
28,48
47,17
46,33
31,22
21,20
46,43
43,39
63,31
35,47
42,73
36,80
21,55
37,43
24,46
49,28
20,34
32,24
39,50
56,60
20,33
71,34
25,25
48,46
70,68
50,23
21,23
44,41
49,26
22,29
29,50
27,58
25,33
35,21
52,40
31,78
36,38
32,40
51,41
62,28
37,17
27,28
48,36
26,25
34,46
23,27
52,33
34,35
59,54
64,38
37,69
36,65
30,25
57,39
56,42
32,22
29,38
42,51
22,53
46,35
26,37
47,27
59,22
38,33
42,59
23,30
45,49
41,32
27,18
27,35
21,24
17,42
19,37
39,38
37,26
41,23
54,59
30,60
32,17
33,78
23,55
35,25
33,45
39,33
38,36
25,69
60,46
23,24
55,46
50,42
30,43
45,29
40,58
55,41
57,18
36,52
41,17
19,44
36,28
49,43
22,77
44,26
37,22
20,26
43,53
66,39
29,33
53,35
33,27
46,84
80,23
36,25
21,21
58,44
41,38
50,54
21,50
36,38
42,42
18,39
30,51
21,50
29,48
45,47
39,32
44,32
41,44
26,88
26,21
24,42
32,66
47,34
34,42
21,90
42,43
52,19
42,29
59,23
29,32
39,23
19,52
18,32
20,24
32,37
55,87
38,36
69,34
45,35
20,28
47,22
30,40
36,28
20,26
24,37
17,26
39,29
40,36
35,19
28,42
45,28
31,44
35,84
19,35
27,28
38,26
59,46
36,51
39,36
44,34
44,44
32,23
37,31
49,24
65,23
58,30
28,51
43,79
46,28
25,72
49,36
43,28
29,30
19,33
37,28
20,35
39,19
47,27
29,42
19,22
47,74
18,79
32,84
43,35
37,44
26,26
50,33
35,40
18,59
43,32
19,60
38,24
33,20
31,34
45,88
24,51
33,41
33,30
21,19
37,34
49,41
45,40
38,34
39,65
43,19
44,55
33,39
22,65
47,37
60,25
53,24
32,23
34,44
38,28
20,21
18,45
55,36
26,33
36,48
57,36
28,25
65,37
30,21
42,71
48,28
18,41
24,35
42,30
36,44
69,33
24,40
19,34
22,78
18,26
48,25
54,62
30,45
47,67
37,43
61,31
42,45
37,75
36,37
90,23
41,30
38,49
28,34
25,53
29,34
56,32
66,26
36,25
33,37
35,25
53,28
21,26
55,25
60,61
44,41
55,23
35,71
23,62
58,71
73,31
32,41
42,37
20,23
46,23
51,40
24,38
35,78
26,32
44,34
74,28
39,33
46,30
74,37
34,51
22,75
31,26
34,33
34,42
31,26
40,31
49,28
33,22
39,45
58,49
48,79
25,36
36,36
44,58
18,22
52,33
30,23
38,42
37,48
29,35
43,24
34,46
27,53
38,31
28,25
50,41
45,32
39,31
63,26
47,24
24,31
58,55
20,23
47,43
51,47
17,83
28,30
41,17
36,38
50,63
23,22
46,56
24,88
31,21
26,28
22,52
61,26
18,35
35,25
40,39
34,85
19,39
19,22
64,50
41,33
42,35
23,22
51,20
59,32
45,22
42,49
19,34
39,37
39,22
47,26
20,20
31,37
24,24
68,26
38,41
30,48
46,81
47,36
26,40
31,31
52,46
36,24
34,34
26,50
56,30
44,41
33,40
42,52
46,41
23,25
29,26
33,21
20,33
29,24
61,32
72,60
50,56
40,37
26,37
19,41
48,33
58,42
60,29
28,77
61,18
26,27
37,67
25,35
41,27
29,44
25,33
28,41
58,21
31,32
47,39
53,40
31,36
46,62
34,28
29,23
32,40
44,33
25,25
41,40
57,31
76,36
23,28
39,25
56,52
61,39
27,40
41,29
39,28
40,39
30,57
25,26
24,36
47,25
25,20
72,19
47,20
50,41
35,30
30,29
41,45
54,22
23,44
24,36
26,31
50,21
39,46
18,37
21,31
30,42
40,82
19,40
42,21
50,25
41,27
25,33
24,31
22,42
41,19
35,41
61,69
50,28
53,36
35,35
37,25
26,50
64,24
45,56
34,81
35,51
18,29
61,59
63,20
58,49
23,22
55,33
53,42
28,23
59,43
40,49
70,28
36,24
18,24
24,33
22,35
32,34
53,33
20,24
23,20
34,24
38,41
59,49
41,38
28,38
29,84
53,30
36,39
57,41
36,24
19,35
40,45
45,46
27,43
24,80
31,18
41,57
60,45
20,46
45,68
42,38
22,40
58,32
53,25
28,17
31,35
35,29
18,24
59,30
35,28
26,45
32,27
31,63
19,33
46,42
17,55
47,59
26,31
63,32
41,32
45,34
40,53
27,87
28,25
47,27
55,69
35,49
26,33
22,39
35,34
32,56
26,55
33,90
38,40
18,45
30,31
31,51
25,30
29,36
42,39
21,45
22,31
27,39
46,39
52,26
29,54
42,51
45,19
44,37
33,23
22,35
39,25
25,33
32,32
25,20
34,25
39,38
17,39
24,34
53,22
38,38
44,83
24,43
48,44
32,39
46,32
41,39
45,40
50,45
73,55
32,52
26,45
28,70
64,40
29,40
32,31
21,34
23,35
63,41
19,90
30,38
34,22
63,43
35,45
30,17
58,39
61,39
71,36
61,30
27,34
35,36
66,26
33,38
38,56
33,36
22,20
39,20
29,31
56,47
34,45
47,26
64,19
26,67
35,40
46,46
44,34
22,25
40,30
31,27
22,30
42,51
29,19
49,31
20,33
17,33
62,33
32,25
23,44
41,26
61,85
31,41
27,30
38,42
28,32
35,38
55,54
44,43
41,37
35,29
31,49
40,28
23,27
41,35
47,37
43,73
31,34
23,18
28,90
17,42
59,43
46,42
38,34
38,38
46,44
36,43
56,34
38,32
45,42
50,46
35,23
51,43
61,85
68,43
45,35
44,43
39,27
53,37
28,23
64,28
49,49
69,42
22,23
54,47
24,41
35,36
47,37
33,36
30,40
30,35
40,19
30,46
22,55
38,34
39,27
41,23
68,85
47,58
41,32
51,24
35,32
60,70
56,90
18,44
45,31
29,32
33,43
60,35
29,67
46,19
35,18
41,59
61,88
24,21
35,28
86,29
30,40
49,33
27,68
39,32
34,38
37,57
22,66
32,53
31,46
24,21
31,28
57,38
39,28
30,42
24,25
41,28
36,53
33,45
36,31
28,47
47,33
26,34
42,88
63,25
19,42
32,48
47,43
46,22
28,46
40,31
26,24
31,81
36,39
46,25
82,17
31,32
19,48
35,31
26,27
24,49
26,20
36,36
56,29
46,24
43,30
37,25
55,40
35,34
62,41
46,25
28,38
29,23
40,46
33,54
39,36
54,38
50,77
33,36
43,35
51,48
43,36
42,76
29,32
76,66
23,83
43,45
34,28
36,23
68,27
61,35
42,49
18,24
34,70
48,43
45,21
28,43
45,37
34,45
65,27
28,24
52,46
42,38
41,55
47,35
47,34
52,34
41,35
36,29
50,57
46,37
36,23
30,29
49,81
45,56
34,40
28,35
45,46
32,36
56,32
63,48
48,40
38,35
35,60
24,22
49,78
41,41
45,23
23,21
24,22
25,56
48,60
19,32
28,45
53,33
44,22
55,28
33,33
33,54
41,35
46,39
50,64
30,64
43,40
36,23
42,39
37,24
50,42
21,31
54,21
27,28
23,63
19,38
45,31
53,78
35,47
29,32
42,25
45,52
36,57
44,34
46,40
18,24
41,41
43,31
52,27
68,43
20,36
24,25
43,57
58,90
27,23
27,40
26,54
33,38
49,46
40,38
46,63
25,59
42,73
55,51
54,48
26,37
52,37
46,35
47,46
42,21
40,32
39,82
64,55
23,62
24,42
19,44
29,37
58,43
34,25
42,34
55,36
21,26
42,51
28,27
20,49
53,45
23,33
56,29
21,35
25,27
41,31
31,26
43,19
42,19
43,32
45,38
36,38
39,31
39,83
32,34
22,38
52,23
45,34
67,38
63,44
20,64
53,36
47,36
48,43
36,48
36,27
51,51
30,28
31,72
44,28
46,29
49,34
46,30
32,36
60,29
76,28
40,43
41,32
18,35
50,33
23,32
48,40
34,66
59,26
32,50
44,23
32,37
47,18
21,36
30,65
42,31
38,34
20,78
27,31
30,37
35,26
19,33
40,22
24,35
22,29
32,35
44,64
28,42
30,26
33,45
61,57
20,55
34,19
31,32
47,26
44,37
60,42
55,35
26,35
44,39
61,17
38,76
53,37
47,46
57,23
44,35
43,30
63,36
39,39
33,48
55,19
25,29
45,35
62,22
32,37
46,39
46,39
44,25
48,43
49,44
52,45
42,36
54,28
25,72
60,23
17,58
33,28
26,64
37,29
25,33
29,26
66,18
30,49
41,34
34,57
60,63
37,58
30,32
34,39
33,20
24,20
43,26
60,73
48,34
34,17
40,24
30,40
47,39
50,39
30,31
38,35
37,38
42,33
33,25
30,22
75,60
54,46
27,40
50,33
45,25
30,55
53,58
45,37
58,41
23,50
26,33
35,36
28,48
19,25
23,28
30,46
52,45
28,28
51,41
36,73
50,38
24,56
37,38
29,58
22,85
38,20
31,23
26,32
63,45
35,33
58,39
33,57
22,33
70,47
45,62
21,37
59,28
36,33
34,75
36,33
28,36
56,29
59,33
41,37
28,33
30,42
29,27
43,30
52,39
51,38
34,38
41,23
44,46
40,56
34,46
28,39
43,26
43,23
26,35
66,52
49,25
26,35
43,27
25,26
39,25
41,22
37,42
24,25
31,20
62,48
32,20
31,36
32,28
65,17
25,26
41,35
49,31
49,31
43,34
34,23
37,21
44,54
29,46
48,31
35,66
31,27
34,23
25,36
27,39
64,40
45,36
28,29
62,48
38,87
27,32
36,65
23,25
46,37
32,24
47,28
21,51
42,38
44,22
56,38
29,39
17,37
28,34
46,49
42,49
56,37
38,26
20,27
29,32
19,24
40,44
50,28
50,73
32,30
48,34
32,65
28,24
46,37
40,32
28,47
25,61
26,45
40,36
33,36
48,40
21,26
33,46
23,26
23,75
28,62
41,41
35,38
48,27
39,46
35,42
40,51
62,39
25,36
34,29
20,22
32,30
30,26
40,37
20,36
48,40
19,31
22,41
32,50
29,61
56,55
51,29
35,28
22,36
17,18
52,35
34,87
22,42
47,49
24,28
36,40
51,60
34,34
30,20
23,35
38,57
33,20
61,82
33,24
25,25
49,33
47,52
35,34
55,27
25,27
21,28
31,25
50,40
45,25
51,46
35,34
39,85
41,31
39,27
48,19
51,22
54,85
39,44
36,28
54,47
50,45
25,33
66,36
45,22
22,45
52,33
47,19
23,20
22,24
42,25
37,37
51,50
27,19
25,34
37,30
46,36
52,26
68,26
29,23
40,35
33,34
34,32
43,42
59,24
42,48
43,32
53,32
30,83
52,28
44,74
58,25
49,36
55,41
26,18
52,35
42,19
24,36
55,18
26,49
22,29
35,34
42,24
19,32
36,33
46,38
26,45
56,31
28,31
44,27
58,33
59,35
41,73
39,33
42,40
40,33
24,26
71,24
61,35
34,43
49,27
23,32
31,75
32,40
63,32
36,72
50,30
64,38
33,19
22,34
75,51
69,28
44,36
23,24
54,37
57,88
62,33
41,36
23,44
23,39
49,27
18,45
25,27
24,20
30,25
22,44
19,27
24,46
56,28
66,46
73,48
26,32
54,38
48,58
42,41
29,57
62,40
51,39
29,33
29,33
45,69
20,56
42,29
34,48
44,60
35,51
27,22
58,31
42,50
50,26
46,35
46,40
20,22
42,41
21,42
41,47
53,60
31,25
39,34
26,49
24,36
30,46
25,35
23,29
29,71
34,64
32,26
57,46
53,37
39,26
48,50
51,65
63,63
58,47
34,40
38,22
38,31
24,47
23,42
51,36
46,58
38,32
47,52
53,43
32,22
25,30
29,19
40,71
34,39
27,32
31,25
61,74
23,27
22,33
28,28
51,42
19,35
27,23
30,64
35,22
48,36
53,31
39,62
50,42
30,72
28,71
44,50
47,71
29,34
45,52
28,36
46,40
32,25
19,58
53,23
34,55
21,27
37,27
28,52
19,32
41,54
38,28
66,36
43,35
22,22
31,41
40,27
32,23
32,63
35,34
51,23
64,26
27,55
49,87
34,26
42,31
31,77
46,26
18,66
39,18
64,23
20,63
50,41
34,17
59,19
54,44
44,34
64,30
44,38
38,61
20,35
38,29
45,67
53,18
44,30
26,27
28,24
62,23
27,27
33,31
42,44
44,41
26,25
38,24
61,30
35,45
54,40
34,33
42,32
60,38
21,23
51,50
59,40
44,48
25,52
36,53
55,43
22,31
49,24
20,40
21,33
29,28
59,33
26,38
31,49
26,45
64,34
30,40
39,35
80,33
45,37
43,66
53,43
49,49
32,48
41,44
34,19
43,69
28,73
31,18
41,39
35,20
29,52
35,33
49,19
58,27
34,42
64,39
29,53
43,68
46,36
28,54
48,46
35,34
51,31
43,47
23,26
48,45
43,45
39,39
37,70
40,80
29,43
41,45
36,28
42,31
43,55
38,31
32,54
24,19
31,38
55,36
31,35
32,56
44,40
35,42
25,20
57,36
28,47
31,41
25,33
37,38
37,39
34,35
52,54
50,58
55,44
56,68
63,49
31,61
45,69
20,41
25,28
30,49
45,38
30,39
40,22
28,19
18,41
31,23
57,45
36,77
56,52
58,24
33,19
21,39
51,34
48,38
31,27
41,31
18,41
22,21
90,29
49,49
28,36
39,67
27,47
50,35
43,23
28,38
26,28
26,64
45,74
77,26
31,40
22,44
63,17
61,19
30,31
48,37
52,40
59,53
39,32
18,19
39,38
60,38
29,59
60,50
39,37
71,45
51,24
67,32
35,43
48,26
54,30
38,39
61,20
35,35
50,33
28,36
52,28
19,27
68,20
34,46
64,18
27,32
51,44
48,46
34,40
25,74
36,27
58,24
57,24
33,33
45,19
66,35
42,83
56,29
47,22
54,49
22,38
40,42
47,25
29,78
58,22
25,37
19,48
33,42
19,37
43,33
24,24
41,29
22,35
44,22
32,32
42,28
38,36
34,21
22,38
27,29
46,20
45,34
56,33
32,22
40,84
58,28
57,50
20,36
57,26
40,85
29,54
51,24
42,71
41,69
46,57
39,23
21,51
60,37
55,29
21,36
28,47
28,64
27,40
40,30
60,33
39,35
62,47
22,52
27,27
22,48
25,56
50,47
70,84
36,50
30,32
41,33
28,36
24,29
28,29
72,41
39,46
18,48
36,53
45,41
37,37
47,48
19,26
52,23
70,24
19,71
62,30
30,65
38,23
48,20
41,53
43,34
35,46
38,81
35,28
35,25
18,34
42,44
31,22
43,47
50,36
38,29
57,30
35,33
65,31
41,35
40,30
49,19
21,21
29,22
45,44
23,38
25,21
42,76
49,28
40,24
26,25
27,58
27,42
65,30
42,26
23,31
29,35
39,31
22,30
56,27
28,43
43,34
32,37
43,35
22,27
51,29
54,34
40,50
42,37
52,41
53,30
38,41
41,29
48,28
40,51
30,41
45,50
31,30
40,32
43,33
34,71
61,26
25,33
50,19
29,46
39,51
28,27
46,35
48,18
43,50
40,25
35,68
22,44
22,42
44,46
25,40
19,33
42,44
32,26
20,38
66,18
26,30
38,34
20,37
46,32
23,38
21,50
40,43
45,32
40,37
71,35
31,37
21,27
24,28
40,35
30,34
25,28
25,56
33,37
21,31
49,19
21,29
50,21
34,26
28,22
42,64
46,44
33,68
50,32
27,23
44,31
26,33
41,76
20,47
30,34
48,33
31,49
30,36
34,38
22,42
18,30
83,55
39,24
39,22
59,26
36,63
66,34
38,45
52,33
39,37
54,66
35,33
30,19
33,53
27,31
28,66
43,28
29,36
48,39
50,40
19,27
36,49
23,39
55,27
28,27
26,26
58,27
64,28
39,21
19,43
49,55
53,43
41,54
75,22
58,26
42,39
27,30
39,25
45,25
60,51
39,26
37,24
32,77
34,88
43,51
48,43
43,32
70,83
66,23
43,50
60,31
48,33
34,31
39,41
34,29
63,41
36,48
33,37
51,18
25,36
23,32
45,25
60,34
34,23
64,30
41,44
44,52
38,31
23,53
37,30
53,44
57,21
27,59
37,79
35,35
44,50
37,27
29,28
33,79
21,23
28,32
39,52
38,37
48,18
47,40
24,34
23,87
43,41
36,19
42,30
27,31
55,40
26,37
25,27
43,36
27,24
30,29
33,53
47,29
41,28
53,66
36,36
54,48
29,45
42,38
25,47
64,31
40,29
27,31
47,47
21,71
41,41
45,38
31,33
31,75
31,73
44,32
31,28
29,39
24,25
35,36
27,21
46,62
37,73
39,34
29,39
19,33
28,23
17,31
32,47
61,46
26,25
29,29
56,47
30,70
37,26
43,54
20,20
77,76
40,51
21,49
47,46
42,22
52,23
46,32
50,88
24,26
30,67
38,59
64,64
26,23
30,30
22,48
42,29
34,35
34,33
40,25
47,59
24,39
36,47
26,46
25,33
19,21
55,33
55,43
35,33
43,84
50,30
49,26
54,36
25,33
44,46
38,31
25,18
28,17
38,24
58,18
38,36
42,26
58,30
66,27
24,27
50,24
49,32
67,25
20,33
66,52
33,30
31,27
49,28
35,42
43,40
49,47
56,34
23,33
19,29
47,43
19,23
37,22
46,38
41,28
23,42
42,32
37,28
55,34
39,19
24,22
26,24
38,26
40,46
57,22
30,30
48,25
30,44
34,29
50,52
46,63
23,25
38,27
17,51
40,23
42,31
61,82
78,48
39,29
48,87
37,52
20,36
20,40
20,38
55,76
35,33
39,37
27,46
40,61
36,34
30,25
32,42
35,36
21,18
56,38
33,67
19,43
50,35
33,24
31,25
72,29
36,40
48,41
44,50
47,42
47,47
23,39
19,57
29,25
51,32
19,18
43,56
28,41
35,42
46,44
19,35
28,36
40,22
57,33
24,31
39,28
40,34
25,41
49,52
35,22
32,24
52,71
54,32
18,45
43,23
53,19
23,21
29,52
46,52
37,21
52,19
24,23
38,73
28,61
21,30
47,36
76,41
37,19
68,45
35,31
45,80
47,42
45,20
29,27
67,38
17,34
65,51
29,81
65,43
63,46
50,28
18,38
42,33
35,27
33,26
49,80
36,50
63,51
21,61
28,32
33,59
21,50
39,45
26,50
33,85
53,31
35,24
19,51
38,66
52,55
50,36
30,26
45,88
47,35
39,59
53,28
34,74
51,40
37,31
31,80
39,31
29,37
17,25
55,32
19,79
31,59
43,32
32,24
37,35
29,41
27,34
46,60
51,46
43,83
54,26
43,26
46,57
47,78
33,38
26,42
50,25
33,26
20,24
53,65
29,39
45,33
46,52
33,45
41,31
49,39
52,45
35,26
20,27
36,40
50,29
47,24
26,24
34,37
31,31
32,52
47,28
51,81
17,27
22,33
34,35
32,72
56,26
26,46
32,38
42,47
37,19
55,47
30,24
26,39
27,34
48,43
56,34
43,55
54,46
36,76
23,50
37,23
31,43
60,58
49,41
34,35
42,42
51,47
24,70
44,42
28,74
19,22
19,66
46,42
40,43
76,38
34,40
30,23
36,25
41,68
20,28
37,90
46,61
36,31
27,30
31,54
40,61
56,21
19,38
19,36
17,31
48,30
37,47
29,33
44,51
29,35
21,27
32,24
31,33
19,39
60,22
39,35
18,43
47,83
37,39
36,50
32,41
26,29
64,47
54,34
26,29
20,24
45,37
43,38
72,55
24,43
51,41
22,35
46,58
61,22
63,38
41,77
25,28
28,53
65,32
31,38
30,41
36,20
37,36
34,35
49,77
23,54
28,50
41,52
34,20
32,20
34,40
28,70
35,21
44,32
48,41
23,24
47,44
38,28
39,42
30,23
35,46
67,35
27,43
40,36
31,44
44,26
25,59
39,77
43,30
43,39
21,23
21,20
46,36
38,19
53,53
30,56
30,21
34,26
90,62
58,23
39,60
32,52
33,41
39,27
22,35
31,36
46,31
22,43
70,55
23,66
42,20
41,87
51,42
49,52
40,30
20,30
52,54
51,55
44,36
47,40
37,40
37,28
27,42
40,40
50,31
23,55
38,70
21,45
49,36
51,39
30,46
41,47
63,44
35,23
36,23
22,45
42,39
57,30
25,34
36,35
44,49
34,40
28,36
50,28
39,48
48,34
53,27
50,24
38,39
61,40
24,21
42,26
65,35
22,53
49,53
43,26
54,52
32,27
32,71
31,34
28,29
56,45
57,23
41,45
50,61
37,59
35,41
43,55
45,46
30,29
36,85
40,38
45,22
39,28
48,45
51,59
28,23
49,47
26,20
37,54
30,26
66,28
19,51
59,42
30,22
27,29
56,42
41,32
40,38
23,30
32,39
24,68
22,45
72,53
43,72
26,27
34,21
25,43
20,23
44,41
33,43
25,19
62,35
45,23
24,45
33,43
34,28
45,42
41,35
42,21
36,21
64,45
42,40
51,22
51,30
54,35
44,36
47,50
30,57
25,32
36,24
26,54
42,24
61,20
37,38
22,38
35,58
52,57
29,28
58,29
60,36
38,74
23,42
27,40
36,33
30,34
26,28
34,80
23,43
20,23
46,27
25,29
52,40
44,23
48,52
25,36
38,19
73,47
24,68
45,35
28,25
47,31
25,30
27,32
53,90
51,40
42,46
55,63
58,44
20,35
47,39
47,40
57,44
34,34
17,35
45,22
46,33
47,28
39,29
35,31
60,38
30,40
32,42
77,48
36,24
30,33
33,44
35,26
42,39
51,36
24,38
42,35
27,51
58,43
34,64
29,22
34,31
42,40
25,33
48,41
29,21
45,23
59,30
21,21
51,46
39,44
52,42
44,35
21,27
47,37
37,41
38,43
51,34
26,33
44,42
49,37
54,20
35,46
45,84
33,45
23,47
17,51
28,39
58,39
51,47
19,28
24,26
41,34
55,46
25,24
37,38
63,71
49,44
46,25
27,24
26,29
45,34
38,33
41,58
38,30
29,28
35,60
30,38
30,25
34,31
38,24
41,36
17,38
26,24
32,34
19,25
36,28
28,33
31,37
34,77
59,47
30,45
48,61
41,18
32,88
39,44
23,29
25,28
22,20
60,36
41,62
60,31
40,32
33,30
66,23
65,30
26,39
42,35
24,24
41,39
38,27
36,23
19,34
22,29
24,33
31,33
59,73
52,32
32,41
50,28
24,68
34,33
24,25
46,30
46,38
54,39
39,34
37,34
73,37
29,53
46,41
36,46
24,42
46,41
18,33
25,23
20,48
59,31
43,34
21,37
42,17
46,75
20,19
30,52
34,23
38,77
60,31
26,27
39,36
42,41
62,41
20,21
31,22
25,54
49,69
35,34
31,23
52,54
22,85
36,25
32,45
27,36
30,49
47,36
23,45
25,34
27,46
24,24
37,37
29,37
61,53
53,34
24,44
35,34
28,47
30,36
28,34
29,41
32,31
18,56
23,25
22,32
31,54
18,55
55,45
31,42
21,23
52,63
33,22
35,23
54,23
39,26
35,85
55,47
59,33
40,37
51,31
22,34
64,36
47,25
20,35
54,40
45,44
30,17
36,34
24,33
40,41
38,90
42,61
33,34
37,31
46,32
66,33
22,36
46,34
20,25
33,28
33,29
37,55
45,35
22,31
42,39
43,47
47,72
20,43
42,65
21,33
40,31
29,42
17,23
39,34
41,49
57,52
47,39
40,40
23,27
21,22
48,25
17,35
44,30
27,90
30,38
42,41
38,36
51,20
29,28
72,57
34,25
26,81
39,17
22,32
47,45
51,49
59,27
50,49
33,59
53,31
62,17
44,45
37,26
47,36
30,33
51,58
28,38
32,50
27,30
21,34
61,55
28,24
24,43
30,88
51,27
37,60
19,34
53,42
32,39
36,51
31,53
30,23
19,25
19,19
51,31
27,34
31,23
66,49
50,68
40,84
24,28
39,31
40,29
79,31
35,44
41,30
25,31
43,47
36,52
78,37
33,35
38,39
51,32
47,40
39,85
54,24
61,46
48,42
37,40
40,39
46,43
27,29
32,32
36,35
27,56
53,31
52,48
31,31
27,39
54,31
31,29
25,28
27,21
35,47
48,27
21,24
24,22
29,34
28,67
33,42
33,43
45,28
32,25
37,42
34,34
19,29
37,40
32,51
18,33
54,19
40,44
28,43
50,42
26,35
23,53
35,41
29,34
51,71
33,23
17,27
61,45
30,39
41,20
33,75
41,37
63,32
28,46
47,32
47,53
49,44
30,42
20,22
26,24
35,69
19,40
43,29
35,20
68,41
31,34
19,30
52,53
30,51
22,34
22,24
44,45
20,31
38,24
43,40
41,40
60,33
52,50
40,33
23,21
51,54
27,38
55,32
30,37
39,43
56,37
37,44
41,20
34,25
27,60
22,21
34,37
28,28
46,28
29,36
21,43
41,23
35,34
53,20
50,30
59,38
44,51
64,45
52,32
35,40
40,34
30,47
36,37
32,27
36,40
39,19
51,38
29,40
42,38
43,32
49,56
61,27
40,41
33,20
45,43
42,36
36,30
30,36
44,27
43,46
51,44
20,27
27,53
29,68
31,24
41,29
53,39
40,23
23,19
28,34
32,35
28,23
61,37
27,46
56,59
31,66
43,59
40,36
42,23
30,41
47,21
52,33
46,31
48,27
60,79
41,23
54,60
70,63
28,20
33,19
41,27
56,35
50,37
33,35
56,21
44,23
71,44
36,30
62,41
39,39
36,33
23,49
49,32
45,25
22,27
19,76
24,19
36,33
56,46
34,17
30,38
43,33
21,23
63,33
49,47
43,43
35,37
35,39
51,24
32,26
49,45
23,28
57,29
46,36
20,40
23,50
23,62
36,58
64,64
31,36
56,47
28,44
44,31
51,53
35,76
20,38
19,58
28,33
34,43
63,33
32,39
23,39
28,31
45,38
55,29
35,32
47,26
25,79
69,37
26,28
57,24
24,38
38,35
37,33
38,88
44,38
46,35
38,31
90,32
52,82
36,30
27,21
20,32
62,32
49,46
18,30
52,33
37,33
36,39
26,49
34,22
43,26
29,21
60,36
31,34
40,70
34,30
58,30
45,27
57,31
45,42
25,81
17,31
44,36
74,34
26,52
53,24
56,24
22,41
29,24
29,38
28,36
36,25
45,42
36,46
22,19
44,44
24,39
20,27
21,23
46,37
38,36
43,79
72,28
47,34
33,40
24,25
23,52
76,90
23,27
20,84
32,23
58,43
75,38
31,40
21,37
46,18
24,30
51,48
28,74
25,26
36,25
47,33
36,63
66,29
52,56
31,37
17,25
39,35
21,57
35,33
57,51
26,44
21,18
43,30
43,28
37,40
19,32
45,33
59,23
31,41
34,43
26,43
22,34
22,65
33,24
17,20
41,43
62,57
29,45
24,26
29,42
23,28
28,29
45,27
40,29
31,26
40,37
58,39
29,74
40,43
21,27
36,59
51,23
21,34
33,44
19,19
36,34
18,32
31,29
33,42
30,20
23,31
61,41
34,39
51,36
49,45
55,28
38,32
31,37
39,35
23,35
56,33
37,24
21,37
33,18
30,42
36,20
32,51
32,28
32,34
38,51
36,36
42,32
27,81
59,40
28,46
40,48
35,37
54,55
33,22
58,77
54,30
25,39
58,41
47,28
51,35
56,41
55,32
22,35
41,50
24,38
25,48
48,33
26,37
30,27
48,47
79,84
45,43
35,41
62,18
46,42
38,29
31,25
58,32
40,27
53,73
38,22
44,37
34,31
30,44
46,37
27,30
41,58
64,31
41,36
32,54
19,90
49,29
53,24
53,29
68,33
38,37
25,23
18,23
45,64
35,26
36,41
56,29
33,38
47,37
62,39
23,36
31,26
49,43
34,23
42,51
38,31
40,61
24,39
31,68
30,44
36,25
23,45
41,33
28,39
20,22
33,30
17,47
39,28
39,65
48,46
31,33
35,43
29,49
22,34
65,79
43,36
37,42
40,27
51,27
20,19
33,24
41,44
64,32
51,83
45,35
40,25
31,35
34,33
30,24
61,55
69,51
23,25
27,37
37,79
48,59
60,53
49,34
33,66
31,47
56,40
33,32
44,36
44,49
39,39
51,31
39,38
54,17
40,31
30,46
36,24
43,39
29,19
33,50
29,18
50,33
21,23
27,31
57,28
36,51
76,29
54,35
48,78
28,36
20,42
36,18
22,19
20,33
26,43
26,50
32,45
36,36
21,27
19,38
47,37
55,46
27,26
31,25
47,37
41,21
25,30
21,37
90,18
39,30
19,19
48,40
45,57
28,40
48,24
44,40
27,47
18,41
29,40
31,48
36,68
30,26
21,54
29,22
26,29
42,37
30,27
17,25
26,36
42,62
22,77
28,32
25,18
19,35
22,27
66,79
39,26
21,28
58,46
26,46
40,46
44,22
40,33
33,44
45,57
35,22
49,32
46,23
54,52
35,25
44,23
41,24
26,41
48,39
28,21
36,34
22,36
25,36
44,49
45,41
47,19
51,34
24,45
44,22
44,47
31,25
61,37
38,37
22,44
38,27
42,29
46,24
23,39
23,36
55,27
45,20
25,32
47,19
38,33
53,39
58,46
39,51
24,39
30,33
60,75
30,45
44,32
45,27
23,34
37,36
38,31
61,41
35,74
22,36
52,23
53,22
28,19
36,27
30,31
30,37
31,40
32,49
39,31
44,75
57,38
64,37
22,46
39,60
32,22
58,73
35,27
19,33
34,42
20,40
52,40
58,50
47,40
18,90
21,25
67,70
53,33
38,72
29,34
32,55
49,46
31,22
20,37
52,40
24,29
31,25
24,29
53,33
44,34
49,54
29,36
23,20
32,38
20,33
24,78
52,45
32,41
32,42
51,34
50,34
25,58
46,37
19,54
34,41
17,35
31,41
47,47
31,36
51,32
28,51
25,33
28,22
61,22
68,33
23,39
40,18
27,40
49,35
21,71
38,25
35,31
62,33
27,31
30,30
26,30
24,18
47,75
22,40
58,41
33,24
32,20
41,32
47,30
47,56
41,21
38,32
44,90
38,23
25,21
44,40
54,49
26,18
46,47
33,35
30,34
24,47
17,59
51,27
26,43
55,25
39,34
42,45
25,37
26,82
32,36
49,34
40,34
26,33
44,42
39,31
41,19
42,29
64,21
43,30
43,24
52,84
17,18
37,29
45,28
46,81
18,35
38,33
22,28
51,39
22,34
21,24
36,54
41,46
26,26
47,32
46,49
35,35
46,27
44,22
32,80
30,40
50,60
28,33
55,59
32,25
32,63
27,35
27,55
44,35
23,38
22,35
21,48
56,49
22,24
25,29
35,17
52,51
43,22
30,38
22,43
44,42
34,55
23,46
19,35
62,59
24,51
31,38
25,55
41,25
40,30
19,54
44,53
22,29
63,51
51,32
27,27
59,75
30,28
21,48
26,31
38,87
38,36
26,35
35,54
44,41
29,31
33,24
26,40
57,35
35,43
38,33
28,76
21,30
29,52
34,47
51,62
21,48
24,32
42,39
20,31
59,35
65,65
40,35
43,88
25,31
51,61
50,38
46,31
44,28
31,20
19,35
22,31
54,17
29,26
19,25
40,46
25,24
38,25
48,34
33,36
37,37
41,81
51,39
33,25
28,28
36,45
44,27
25,34
37,41
52,29
33,41
40,44
34,39
25,36
36,46
36,47
56,30
28,26
51,41
48,42
38,37
46,39
43,42
41,22
57,26
34,37
53,24
51,36
60,46
48,41
34,28
19,21
38,38
59,22
35,27
34,46
23,31
27,34
43,32
47,36
18,40
21,23
23,20
34,23
49,37
50,53
42,37
19,35
20,83
21,82
46,68
23,31
19,21
31,30
30,64
29,82
25,25
59,90
38,42
31,83
38,47
44,49
29,38
38,53
56,45
26,29
25,37
45,21
26,24
36,32
50,23
60,30
41,33
31,36
31,20
49,46
50,23
62,38
40,36
26,71
19,43
68,70
32,36
21,46
53,19
24,27
39,34
24,39
24,29
30,38
47,24
24,25
17,34
38,30
29,39
31,53
19,40
19,34
19,28
21,46
37,32
80,35
28,35
23,27
21,73
44,37
32,55
58,28
36,34
40,35
31,23
42,32
47,77
34,38
24,24
60,23
21,23
21,23
34,47
29,24
30,28
28,44
42,21
54,62
90,42
25,60
17,23
37,37
37,23
45,23
48,39
37,32
52,47
33,37
20,21
36,23
37,31
58,69
26,66
53,50
61,45
45,50
23,36
36,23
43,36
40,53
60,19
44,43
28,20
26,35
55,25
69,39
31,38
25,47
22,33
62,41
33,26
22,37
59,37
27,80
34,36
20,45
31,40
30,19
37,27
32,56
21,22
30,85
25,62
58,55
46,23
55,25
45,28
26,40
23,28
60,21
24,32
44,36
58,19
37,48
31,37
54,52
22,22
33,75
42,53
46,36
46,24
73,26
49,69
26,22
55,29
42,47
25,31
52,56
24,41
38,41
24,31
22,36
38,37
30,42
44,28
23,45
38,34
41,44
27,29
22,33
57,43
31,55
61,36
51,40
48,35
51,31
51,33
41,36
36,69
19,57
29,40
32,33
35,32
34,35
28,27
58,19
58,36
57,28
45,60
38,38
46,32
22,37
54,30
32,19
20,84
55,25
48,37
22,34
52,76
66,32
51,33
19,53
52,31
44,31
65,39
44,35
21,37
22,31
37,74
57,47
62,25
44,35
41,32
44,76
20,26
45,38
39,71
27,23
31,55
41,25
54,20
18,49
24,45
46,37
46,21
40,67
23,29
44,29
48,25
59,47
32,40
30,55
43,46
18,55
56,44
41,23
20,38
41,50
47,42
36,26
39,22
33,24
27,36
58,41
41,35
36,31
64,38
47,22
21,54
39,27
47,36
43,23
37,47
64,49
46,34
61,33
22,50
27,47
33,66
47,23
57,31
45,31
61,41
19,31
21,41
20,37
60,46
38,72
20,68
27,29
27,37
44,36
45,50
34,28
43,30
26,31
38,50
25,59
58,58
31,33
42,47
39,38
38,62
64,36
79,19
35,19
20,69
46,49
62,36
38,28
31,27
36,34
20,28
37,33
37,36
42,19
64,30
24,26
38,30
21,19
51,25
45,27
20,43
30,84
32,30
27,40
30,45
52,40
30,50
25,61
52,48
26,41
38,31
33,23
60,36
55,32
42,52
33,29
23,56
56,50
42,26
56,18
25,31
47,72
38,32
46,67
33,35
28,42
18,46
41,39
35,28
46,88
51,34
24,28
37,32
41,36
17,54
50,23
19,39
50,22
37,38
40,30
47,33
54,24
52,31
25,22
42,32
26,49
59,37
34,42
53,18
64,51
25,43
60,30
43,79
51,39
31,33
21,31
53,49
34,45
28,24
42,28
47,72
60,50
35,31
45,24
72,25
21,37
29,36
47,31
33,36
35,23
27,25
24,39
53,38
42,22
25,42
54,39
40,50
22,22
31,33
47,32
42,39
33,37
45,56
55,47
21,71
49,68
49,32
23,18
29,30
64,31
39,78
35,45
36,31
33,24
52,36
36,28
26,47
63,85
56,37
30,42
34,40
19,50
39,39
43,65
45,19
23,60
60,20
46,23
38,32
60,34
26,40
34,40
27,28
51,43
23,35
43,43
23,60
34,59
39,38
53,78
30,23
25,36
31,27
35,35
40,64
26,28
60,48
30,24
31,42
53,57
30,27
22,44
61,33
39,47
23,23
40,49
35,54
57,60
32,42
31,59
34,36
50,37
53,41
54,58
30,36
34,25
29,32
43,37
56,43
23,32
31,35
30,34
29,39
43,44
24,62
31,27
25,46
28,82
35,64
44,75
28,49
36,32
18,28
28,61
46,54
30,30
49,32
31,25
49,49
35,31
35,29
20,46
34,60
44,29
50,83
20,22
34,21
19,29
18,18
29,40
64,46
30,25
26,34
45,46
47,28
40,78
31,29
58,38
34,48
31,29
28,21
28,29
22,33
52,21
40,48
19,34
17,43
19,27
27,23
46,30
38,27
45,22
21,36
47,26
22,22
59,62
49,50
36,47
29,41
29,21
30,47
38,36
39,34
27,32
34,30
28,53
41,33
36,51
41,40
19,40
79,43
25,70
35,35
58,45
31,40
33,36
63,29
44,34
57,43
35,37
31,33
30,39
18,23
47,22
59,21
35,25
22,25
37,20
31,31
22,41
39,46
32,35
53,21
43,37
90,31
40,69
57,18
26,41
62,23
57,54
38,34
50,23
33,31
36,32
32,28
54,24
35,41
29,24
39,37
63,20
23,27
32,18
28,29
29,24
64,24
64,17
37,85
37,42
54,33
58,31
40,84
28,52
44,33
23,33
36,30
30,36
37,58
17,31
21,36
42,36
49,46
35,17
19,21
37,32
33,54
24,28
50,24
48,77
37,35
32,28
22,42
45,32
36,40
35,44
41,32
40,43
45,48
48,40
22,47
44,26
39,33
29,36
40,30
55,24
23,23
48,40
41,28
35,20
37,49
39,35
40,32
30,38
52,34
45,36
35,31
42,28
50,25
18,17
45,42
45,26
45,18
18,20
54,25
51,29
45,23
49,31
20,37
40,43
24,44
32,30
39,38
30,27
34,35
42,33
29,34
54,22
25,28
48,46
23,21
44,29
31,27
33,35
36,31
40,21
42,35
34,55
61,41
28,30
55,41
51,29
39,31
49,32
17,29
50,40
57,35
39,31
40,28
18,29
42,50
44,37
40,37
45,57
52,36
66,38
34,42
19,56
57,29
57,32
28,20
27,42
52,25
30,23
49,45
51,28
58,34
27,25
32,30
29,33
50,23
34,37
33,19
50,42
48,32
45,37
41,28
75,76
23,30
21,39
44,17
48,48
32,55
41,42
50,31
40,29
41,26
55,37
36,31
26,30
21,17
20,68
39,28
20,27
25,39
32,33
36,22
48,19
56,60
35,55
60,42
48,31
68,27
38,21
33,27
25,34
68,80
40,43
45,43
35,32
47,35
46,30
35,25
41,36
24,28
21,19
37,19
22,38
17,41
45,32
40,28
22,36
72,68
31,19
39,33
47,52
36,43
25,68
48,22
19,28
52,21
47,32
42,40
33,33
35,39
28,18
38,34
57,28
20,20
46,46
33,23
45,75
45,36
31,23
17,25
38,29
44,67
52,61
58,32
23,20
39,21
48,64
47,39
23,43
39,36
58,31
67,30
47,33
42,44
73,38
35,41
18,32
43,29
23,32
29,55
52,47
45,42
38,56
29,43
25,26
39,55
49,33
31,25
28,31
22,28
20,19
32,22
52,38
29,31
20,33
40,36
42,74
48,71
29,40
23,26
47,45
19,25
32,62
27,35
39,28
31,23
49,29
28,30
43,65
19,66
23,22
31,69
24,36
56,41
24,27
48,83
23,38
64,23
30,34
38,25
37,24
24,33
44,30
22,27
21,25
51,21
28,45
29,48
38,45
27,44
50,35
19,28
36,62
31,45
31,28
41,19
40,41
59,58
37,49
36,49
47,38
32,26
41,20
37,33
54,33
39,30
63,32
35,22
35,47
21,29
28,33
56,58
19,24
20,38
29,21
21,35
29,28
39,71
51,34
27,28
65,21
52,22
30,49
58,40
21,52
44,36
27,45
37,51
24,19
17,56
27,63
62,85
56,61
22,30
41,32
32,82
22,35
30,42
51,69
49,45
31,31
32,21
46,31
49,34
18,23
29,60
41,25
46,62
32,30
49,22
46,38
17,52
37,44
23,29
19,49
38,39
18,33
47,48
24,38
49,71
42,37
60,28
23,30
21,41
39,32
34,26
47,23
24,58
54,40
27,31
34,28
28,37
38,41
25,36
42,27
19,30
41,18
50,44
19,33
52,33
36,36
19,35
56,73
48,39
48,45
30,34
33,24
47,36
21,30
42,37
58,48
49,37
59,33
17,35
83,28
53,34
35,26
29,38
46,74
43,81
40,22
46,23
42,34
74,38
31,36
36,43
60,19
31,32
48,51
62,56
35,34
27,35
53,25
35,34
35,45
49,23
24,17
34,26
29,70
36,44
37,36
52,29
42,25
59,19
32,40
42,45
26,35
36,43
24,35
50,39
25,39
29,40
33,80
26,43
52,37
30,25
40,31
32,47
39,42
66,35
29,36
23,35
68,42
18,22
46,23
36,18
80,41
29,23
42,28
41,27
52,26
62,53
39,38
37,49
36,58
27,26
30,24
35,36
29,59
32,47
27,32
53,27
41,28
28,58
59,83
46,41
42,47
45,30
25,42
20,23
40,70
29,41
29,73
40,47
28,55
48,34
29,42
34,28
50,26
25,37
23,48
25,40
33,37
43,48
25,40
34,47
32,42
52,50
31,34
51,30
35,38
60,32
23,37
48,45
48,34
30,40
21,39
54,33
47,30
30,22
29,42
18,37
53,23
51,80
55,29
28,41
55,58
52,41
48,28
38,36
55,88
31,17
29,88
25,60
31,48
65,36
56,22
65,31
48,46
32,75
27,28
41,47
24,54
47,64
27,25
41,32
30,33
23,24
65,21
51,34
40,45
78,30
34,38
31,29
58,39
45,22
18,20
43,24
26,42
44,35
32,20
41,33
63,25
31,18
23,34
32,47
29,27
48,34
24,24
25,29
36,61
41,36
31,90
20,50
50,34
31,36
40,40
37,23
46,39
39,51
36,34
53,33
57,40
43,38
